,action_instances,id,nl_command_statment
0,"[{'options': [{'id': 601225, 'name': 'new email from', 'params': {""sender's address"": 'contact@gs-store.de'}}, {'id': 600599, 'name': 'new email in inbox from', 'params': {'email address': 'contact@gs-store.de'}}]}, {'id': 700000, 'name': 'make a payment', 'params': {'invoice': '<return1>.attachment', 'method': 'credit card'}}, {'id': 600603, 'name': 'send an email', 'params': {'attachment url': '<return2>', 'to address': 'contact@gs-store.de'}}]",101,"Pay the invoice that I will receive from contact@gs-store.de with my cred card, then send the payment receipt to them using the same address."
1,"[{'options': [{'id': 601225, 'name': 'new email from', 'params': {""sender's address"": 'contact@gs-store.de'}}, {'id': 600599, 'name': 'new email in inbox from', 'params': {'email address': 'contact@gs-store.de'}}]}, {'id': 700000, 'name': 'make a payment', 'params': {'invoice': '<return1>.attachment', 'method': 'bank'}}, {'id': 600603, 'name': 'send an email', 'params': {'attachment url': '<return2>', 'to address': 'contact@gs-store.de'}}]",102,Pay in the bank my purchases that I will soon receive from contact@gs-store.de. Send the proof of payment back to the store.
2,"[{'options': [{'id': 601225, 'name': 'new email from', 'params': {""sender's address"": 'contact@gs-store.de'}}, {'id': 600599, 'name': 'new email in inbox from', 'params': {'email address': 'contact@gs-store.de'}}]}, {'id': 700000, 'name': 'make a payment', 'params': {'invoice': '<return1>.attachment', 'method': 'bank'}}, {'id': 600603, 'name': 'send an email', 'params': {'attachment url': '<return2>', 'to address': 'contact@gs-store.de'}}]",105,Make a payment using my bank account when I receive a message from Good Sports Store. Send the receipt back to the store.
3,"[{'options': [{'id': 601225, 'name': 'new email from', 'params': {""sender's address"": 'contact@gs-store.de'}}, {'id': 600599, 'name': 'new email in inbox from', 'params': {'email address': 'contact@gs-store.de'}}]}, {'id': 700000, 'name': 'make a payment', 'params': {'invoice': '<return1>.attachment', 'method': 'bank'}}, {'id': 600603, 'name': 'send an email', 'params': {'attachment url': '<return2>', 'to address': 'contact@gs-store.de'}}]",106,"Pay my Good Sports Store account balance using my bank account on the day I receive an email with a payment invoice from contact@gs-store.de, and send the payment receipt back to the store."
4,"[{'options': [{'id': 601225, 'name': 'new email from', 'params': {""sender's address"": 'contact@gs-store.de'}}, {'id': 600599, 'name': 'new email in inbox from', 'params': {'email address': 'contact@gs-store.de'}}]}, {'id': 700000, 'name': 'make a payment', 'params': {'invoice': '<return1>.attachment', 'method': 'credit card'}}, {'id': 600603, 'name': 'send an email', 'params': {'attachment url': '<return2>.receipt', 'to address': 'contact@gs-store.de'}}]",107,"Wait for a new email from the sender contact@gs-store.de. Pay it using my credit card. Once paid, create a response, upload the payment receipt to the email to send. Send it."
5,"[{'id': 700001, 'name': 'new deposit in your account from sender', 'params': {'sender name': 'John Sanders'}}, {'options': [{'id': 600603, 'name': 'send an email', 'params': {'body': 'thank you', 'to address': 'john@fam.com'}}, {'id': 601227, 'name': 'send email', 'params': {'body': 'thank you', 'recipients': 'john@fam.com'}}]}]",401,"	Check for a new deposit by John Sanders. After receiving it, message him with ""thank you""."
6,"[{'id': 700001, 'name': 'new deposit in your account from sender', 'params': {'sender name': 'John Sanders'}}, {'options': [{'id': 600603, 'name': 'send an email', 'params': {'body': 'thank you', 'to address': 'john@fam.com'}}, {'id': 601227, 'name': 'send email', 'params': {'body': 'thank you', 'recipients': 'john@fam.com'}}]}]",402,"When a new deposit from John Sanders occurs in my bank accoung, seek the contact John on the agenda. Send ""thank you"" to John when this happens."
7,"[{'id': 700001, 'name': 'new deposit in your account from sender', 'params': {'sender name': 'John Sanders'}}, {'options': [{'id': 600603, 'name': 'send an email', 'params': {'body': 'thank you', 'to address': 'john@fam.com'}}, {'id': 601227, 'name': 'send email', 'params': {'body': 'thank you', 'recipients': 'john@fam.com'}}]}]",403,"If any income from John Sanders arrives in my bank account, send this message to him: Thank you."
8,"[{'id': 700001, 'name': 'new deposit in your account from sender', 'params': {'sender name': 'John Sanders'}}, {'options': [{'id': 600603, 'name': 'send an email', 'params': {'body': 'Hello John, thanks for your gift to me, I receive your deposit of some money to me, thanks a lot, buddy.', 'to address': 'john@fam.com'}}, {'id': 601227, 'name': 'send email', 'params': {'body': 'Hello John, thanks for your gift to me, I receive your deposit of some money to me, thanks a lot, buddy.', 'recipients': 'john@fam.com'}}]}]",404,"If a receive a deposit from John Sanders in my bank account, send this message to him: ""Hello John, thanks for your gift to me, I receive your deposit of some money to me, thanks a lot, buddy."""
9,"[{'id': 700002, 'name': 'read file content', 'params': {'file': 'question.doc'}}, {'options': [{'id': 501371, 'name': 'translate', 'params': {'from': 'en', 'text': '<return1>', 'to': 'pt'}}, {'id': 501915, 'name': 'translate', 'params': {'languageConverted': 'en', 'languageToConvert': 'pt', 'text': '<return1>'}}, {'id': 503292, 'name': 'translate', 'params': {'input': '<return1>', 'source': 'en', 'target': 'pt'}}]}, {'options': [{'id': 600209, 'name': 'create a text file', 'params': {'content': '<return2>', 'file name': 'question-pt.doc'}}, {'id': 600350, 'name': 'create a text file', 'params': {'content': '<return2>', 'file name': 'question-pt.doc'}}, {'id': 600614, 'name': 'create a document', 'params': {'content': '<return2>', 'document name': 'question-pt.doc'}}]}, {'id': 600603, 'name': 'send an email', 'params': {'attachment url': 'question-pt.doc', 'body': 'Hi Sandra, could you review this document for me, please?', 'to address': 'sandra@andrade.com.br'}}]",501,"Translate ""question.doc"" from EN to PT. Save the content in the file ""question-pt.doc"" and send to Sandra with this message: Hi Sandra, could you review this document for me, please?"
10,"[{'id': 700002, 'name': 'read file content', 'params': {'file': 'question.doc'}}, {'options': [{'id': 501371, 'name': 'translate', 'params': {'from': 'en', 'text': '<return1>', 'to': 'pt'}}, {'id': 501915, 'name': 'translate', 'params': {'languageConverted': 'en', 'languageToConvert': 'pt', 'text': '<return1>'}}, {'id': 503292, 'name': 'translate', 'params': {'input': '<return1>', 'source': 'en', 'target': 'pt'}}]}, {'options': [{'id': 600603, 'name': 'send an email', 'params': {'body': '<return2>', 'to address': 'sandra@andrade.com.br'}}, {'id': 601227, 'name': 'send email', 'params': {'body': '<return2>', 'recipients': 'sandra@andrade.com.br'}}]}]",502,"Find ""question.doc"" and translate the content of the file from English into Portuguese. Send this new text to Sandra. Once she sends back the reviewed message, send it to Brazilian embassy."
11,"[{'id': 700002, 'name': 'read file content', 'params': {'file': 'question.doc'}}, {'options': [{'id': 501371, 'name': 'translate', 'params': {'from': 'en', 'text': '<return1>', 'to': 'pt'}}, {'id': 501915, 'name': 'translate', 'params': {'languageConverted': 'en', 'languageToConvert': 'pt', 'text': '<return1>'}}, {'id': 503292, 'name': 'translate', 'params': {'input': '<return1>', 'source': 'en', 'target': 'pt'}}]}, {'options': [{'id': 600603, 'name': 'send an email', 'params': {'body': '<return2>', 'to address': 'sandra@andrade.com.br'}}, {'id': 601227, 'name': 'send email', 'params': {'body': '<return2>', 'recipients': 'sandra@andrade.com.br'}}]}]",503,"Use a machine translation service to translate the file ""questions.doc"" to Portuguese. Send the translated version to Sandra asking her to check whether the text is written correctly."
12,"[{'options': [{'id': 601225, 'name': 'new email from', 'params': {""sender's address"": 'enrico@hernandez.cl'}}, {'id': 600599, 'name': 'new email in inbox from', 'params': {'email address': 'enrico@hernandez.cl'}}]}, {'id': 700003, 'name': 'extract content', 'params': {'info': 'the necklace price', 'text': '<return1>.body'}}, {'id': 503679, 'name': 'convert', 'params': {'from': 'Chilean Pesos', 'from_amount': '<return2>', 'to': 'Euro'}}, {'alternative': {'options': [{'id': 600603, 'name': 'send an email', 'params': {'body': ""Hi my friend, unfortunately, it is more expensive than expected. I'm not interested. Anyways, thanks."", 'to address': 'enrico@hernandez.cl'}}, {'id': 601227, 'name': 'send email', 'params': {'body': ""Hi my friend, unfortunately, it is more expensive than expected. I'm not interested. Anyways, thanks."", 'recipients': 'enrico@hernandez.cl'}}]}, 'condition': '<return3>< 100', 'consequent': {'options': [{'id': 600603, 'name': 'send an email', 'params': {'body': 'Hi my friend, please buy it', 'to address': 'enrico@hernandez.cl'}}, {'id': 601227, 'name': 'send email', 'params': {'body': 'Hi my friend, please buy it', 'recipients': 'enrico@hernandez.cl'}}]}}]",601,"Get the email from Enrico Hernandez. Extract the necklace price. Exchange this value from Chilean Pesos to Euro. If the price < 100 EUR, send this message to him: ""Hi my friend, please buy it"". Otherwise, send this: ""Hi my friend, unfortunately, it is more expensive than expected. I'm not interested. Anyways, thanks."""
13,"[{'options': [{'id': 601225, 'name': 'new email from', 'params': {""sender's address"": 'enrico@hernandez.cl'}}, {'id': 600599, 'name': 'new email in inbox from', 'params': {'email address': 'enrico@hernandez.cl'}}]}, {'id': 700003, 'name': 'extract content', 'params': {'info': 'the necklace price', 'text': '<return1>.body'}}, {'id': 503679, 'name': 'convert', 'params': {'from': 'Chilean Pesos', 'from_amount': '<return2>', 'to': 'Euro'}}]",602,"When a message from Enrico Hernandez arrives, get the necklace price; Convert it from Chilean Pesos to Euro; If it costs less than 100 EUR, send to him a message asking him to buy it; If not, write saying I am not interested."
14,"[{'options': [{'id': 501143, 'name': 'weather', 'params': {'location': 'Dublin'}}, {'id': 500684, 'name': 'daily-forecast-weather-data', 'params': {'q': 'Dublin'}}, {'id': 502375, 'name': 'weather-forecast', 'params': {'location': 'Dublin'}}, {'id': 500686, 'name': 'search-weather-data', 'params': {'q': 'Dublin'}}]}, {'alternative': {'options': [{'id': 600603, 'name': 'send an email', 'params': {'body': ""let's go to the mountains"", 'to address': 'john@fam.com'}}, {'id': 601227, 'name': 'send email', 'params': {'body': ""let's go to the mountains"", 'recipients': 'john@fam.com'}}]}, 'condition': '<return1>> 18', 'consequent': {'options': [{'id': 600603, 'name': 'send an email', 'params': {'body': ""let's go to the beac"", 'to address': 'john@fam.com'}}, {'id': 601227, 'name': 'send email', 'params': {'body': ""let's go to the beac"", 'recipients': 'john@fam.com'}}]}}]",701,"Check the weather in Dublin. If it is higher than 18°C send an email to John saying ""let's go to the beac"". Otherwise write: ""let's go to the mountains""."
15,"[{'options': [{'id': 501143, 'name': 'weather', 'params': {'location': 'Lisbon'}}, {'id': 500684, 'name': 'daily-forecast-weather-data', 'params': {'q': 'Lisbon'}}, {'id': 502375, 'name': 'weather-forecast', 'params': {'location': 'Lisbon'}}, {'id': 500686, 'name': 'search-weather-data', 'params': {'q': 'Lisbon'}}]}, {'alternative': None, 'condition': '<return1>> 20', 'consequent': {'options': [{'id': 600603, 'name': 'send an email', 'params': {'body': 'our destination is the beach', 'to address': 'john@fam.com'}}, {'id': 601227, 'name': 'send email', 'params': {'body': 'our destination is the beach', 'recipients': 'john@fam.com'}}]}}, {'alternative': None, 'condition': '<return1>< 20', 'consequent': {'options': [{'id': 600603, 'name': 'send an email', 'params': {'body': 'we are going to the mountains', 'to address': 'john@fam.com'}}, {'id': 601227, 'name': 'send email', 'params': {'body': 'we are going to the mountains', 'recipients': 'john@fam.com'}}]}}]",702,"Check weather conditions in Lisbon for the trip with my friend John in the weekend. If it is 20°C or above, write him by email that our destination is the beach. If the weather is cold (lower than 20°C), say we are going to the mountains."
16,"[{'options': [{'id': 501143, 'name': 'weather', 'params': {'location': 'Porto'}}, {'id': 500684, 'name': 'daily-forecast-weather-data', 'params': {'q': 'Porto'}}, {'id': 502375, 'name': 'weather-forecast', 'params': {'location': 'Porto'}}, {'id': 500686, 'name': 'search-weather-data', 'params': {'q': 'Porto'}}]}, {'alternative': {'options': [{'id': 600603, 'name': 'send an email', 'params': {'body': 'the plan is to go the mountains', 'to address': 'john@fam.com'}}, {'id': 601227, 'name': 'send email', 'params': {'body': 'the plan is to go the mountains', 'recipients': 'john@fam.com'}}]}, 'condition': '<return1>> 20', 'consequent': {'options': [{'id': 600603, 'name': 'send an email', 'params': {'body': 'the plan is to go to the beach', 'to address': 'john@fam.com'}}, {'id': 601227, 'name': 'send email', 'params': {'body': 'the plan is to go to the beach', 'recipients': 'john@fam.com'}}]}}]",703,"Check the weather in Porto right now. If it is hot (from 20°C) then write an email to John saying that ""the plan is to go to the beach"". Else, write that ""the plan is to go the mountains""."
17,"[{'options': [{'id': 501143, 'name': 'weather', 'params': {'location': 'Nantes'}}, {'id': 500684, 'name': 'daily-forecast-weather-data', 'params': {'q': 'Nantes'}}, {'id': 502375, 'name': 'weather-forecast', 'params': {'location': 'Nantes'}}, {'id': 500686, 'name': 'search-weather-data', 'params': {'q': 'Nantes'}}]}, {'alternative': None, 'condition': '<return1>> 20', 'consequent': {'options': [{'id': 600603, 'name': 'send an email', 'params': {'body': 'our destination is the beach', 'to address': 'john@fam.com'}}, {'id': 601227, 'name': 'send email', 'params': {'body': 'our destination is the beach', 'recipients': 'john@fam.com'}}]}}, {'alternative': None, 'condition': '<return1>> 20', 'consequent': {'options': [{'id': 600603, 'name': 'send an email', 'params': {'body': 'our destination is the beach', 'to address': 'john@fam.com'}}, {'id': 601227, 'name': 'send email', 'params': {'body': 'our destination is the beach', 'recipients': 'john@fam.com'}}]}}]",704,"Check the weather for this weekend in Nantes. 20°C or bellow send an email to John that our destination is the mountains, 20°C and up say that our destination is the beach"
18,"[{'options': [{'id': 501143, 'name': 'weather', 'params': {'location': 'Barcelona'}}, {'id': 500684, 'name': 'daily-forecast-weather-data', 'params': {'q': 'Barcelona'}}, {'id': 502375, 'name': 'weather-forecast', 'params': {'location': 'Barcelona'}}, {'id': 500686, 'name': 'search-weather-data', 'params': {'q': 'Barcelona'}}]}, {'alternative': {'options': [{'id': 600603, 'name': 'send an email', 'params': {'body': 'we are going to the mountains', 'to address': 'john@fam.com'}}, {'id': 601227, 'name': 'send email', 'params': {'body': 'we are going to the mountains', 'recipients': 'john@fam.com'}}]}, 'condition': '<return1>> 22', 'consequent': {'options': [{'id': 600603, 'name': 'send an email', 'params': {'body': 'we are going to the beach', 'to address': 'john@fam.com'}}, {'id': 601227, 'name': 'send email', 'params': {'body': 'we are going to the beach', 'recipients': 'john@fam.com'}}]}}]",705,"Check the weather forecast in Barcelona for the weekend. If the weather is hot, send to John an email with this message: we are going to the beach. If the weather is cold, send this: we are going to the mountains. For me, hot is when the is 22°C or more."
19,"[{'alternative': None, 'condition': {'id': 600352, 'name': 'new item from search', 'params': {'max price': '10 Euros', 'search terms': 'book Entrepreneurial State'}}, 'consequent': {'id': 700004, 'name': 'buy a product by id', 'params': {'id': '<return1>.id'}}}]",801,"Please check the price of the book Entrepreneurial State and if it is less than 10 Euros, purchase."
20,"[{'alternative': None, 'condition': {'id': 600352, 'name': 'new item from search', 'params': {'max price': '10 Euros', 'search terms': 'Entrepreneurial State'}}, 'consequent': {'id': 700004, 'name': 'buy a product by id', 'params': {'id': '<return1>.id'}}}]",802,"Find the book ""Entrepreneurial State"". If it costs less than 10, buy it."
21,"[{'alternative': None, 'condition': {'id': 600352, 'name': 'new item from search', 'params': {'max price': '10 Euros', 'search terms': 'the book Entrepreneurial State'}}, 'consequent': {'id': 700004, 'name': 'buy a product by id', 'params': {'id': '<return1>.id'}}}]",803,"Search for the price of the book Entrepreneurial State. In case it is cheaper than 10 Euro, then buy."
22,"[{'alternative': None, 'condition': {'id': 600352, 'name': 'new item from search', 'params': {'max price': '10 Euros', 'search terms': 'the book Entrepreneurial State'}}, 'consequent': {'id': 700004, 'name': 'buy a product by id', 'params': {'id': '<return1>.id'}}}]",804,"Check the price of ""Entrepreneurial State"" and in the case of it be less than 10 Euro, buy it."
23,"[{'alternative': None, 'condition': {'id': 600352, 'name': 'new item from search', 'params': {'max price': '10 Euros', 'search terms': 'the book Entrepreneurial State'}}, 'consequent': {'id': 700004, 'name': 'buy a product by id', 'params': {'id': '<return1>.id'}}}]",805,"Find the book ""Entrepreneurial State"". If the price is less than 10 euro, buy."
24,"[{'alternative': None, 'condition': {'id': 600352, 'name': 'new item from search', 'params': {'max price': '10 Euros', 'search terms': 'the book Entrepreneurial State'}}, 'consequent': {'id': 700004, 'name': 'buy a product by id', 'params': {'id': '<return1>.id'}}}]",506,"Check the price for ""Entrepreneurial State"" and buy it if it is under 10 euros."
25,"[{'alternative': None, 'condition': {'id': 600352, 'name': 'new item from search', 'params': {'max price': '10 Euros', 'search terms': 'the book Entrepreneurial State'}}, 'consequent': {'id': 700004, 'name': 'buy a product by id', 'params': {'id': '<return1>.id'}}}]",807,"Check the price of the book ""Entrepreneurial State"". If the price is less than 10 euros, then buy it."
26,"[{'alternative': None, 'condition': {'id': 600352, 'name': 'new item from search', 'params': {'max price': '10 Euros', 'search terms': 'the book Entrepreneurial State'}}, 'consequent': {'id': 700004, 'name': 'buy a product by id', 'params': {'id': '<return1>.id'}}}]",808,"Find the price of the book Entrepreneurial State; if it costs less than 10 Euro, buy it."
27,"[{'id': 700005, 'name': 'get contacts', 'params': {'group': 'classmates'}}, {'block': {'options': [{'id': 600603, 'name': 'send an email', 'params': {'body': ""Hi, I'd like to invite you and your family to my child's birthday party. Please, answer this message saying whether you are coming. Thanks."", 'to address': '<item>.email_address'}}, {'id': 601227, 'name': 'send email', 'params': {'body': ""Hi, I'd like to invite you and your family to my child's birthday party. Please, answer this message saying whether you are coming. Thanks."", 'recipients': '<item>.email_address'}}]}, 'list': '<return1>'}]",901,"For each contact in the group classmates, send the following message by email: ""Hi, I'd like to invite you and your family to my child's birthday party. Please, answer this message saying whether you are coming. Thanks.""."
28,"[{'id': 700005, 'name': 'get contacts', 'params': {'group': 'classmates'}}, {'block': {'options': [{'id': 600603, 'name': 'send an email', 'params': {'body': ""Hi, we'd like to invite you to our child's birthday party."", 'to address': '<item>.email_address'}}, {'id': 601227, 'name': 'send email', 'params': {'body': ""Hi, we'd like to invite you to our child's birthday party."", 'recipients': '<item>.email_address'}}]}, 'list': '<return1>'}]",902,"Send an email to all of my contacts in the list 'classmates' writing them this message: Hi, we'd like to invite you to our child's birthday party."
29,"[{'options': [{'id': 600603, 'name': 'send an email', 'params': {'body': 'the pictures we took in Munich', 'to address': 'mark@gmail.com'}}, {'id': 601227, 'name': 'send email', 'params': {'body': 'the pictures we took in Munich', 'recipients': 'mark@gmail.com'}}]}, {'options': [{'id': 601225, 'name': 'new email from', 'params': {""sender's address"": 'mark@gmail.com'}}, {'id': 600599, 'name': 'new email in inbox from', 'params': {'email address': 'mark@gmail.com'}}]}, {'id': 600490, 'name': 'upload public photo from url', 'params': {'photo url': '<return1>.attachment', 'tags': '#munich, #germany, #my-love'}}]",1001,"Send an email to Mark asking him for the picture we took in Munich. When I receive the answer, get the attached image and publish it on my Flickr account with the tags #munich, #germany, #my-love"
30,"[{'options': [{'id': 600603, 'name': 'send an email', 'params': {'body': 'Hi Mark, please send me the photo we took in Munich', 'to address': 'mark@gmail.com'}}, {'id': 601227, 'name': 'send email', 'params': {'body': 'Hi Mark, please send me the photo we took in Munich', 'recipients': 'mark@gmail.com'}}]}, {'options': [{'id': 601225, 'name': 'new email from', 'params': {""sender's address"": 'mark@gmail.com'}}, {'id': 600599, 'name': 'new email in inbox from', 'params': {'email address': 'mark@gmail.com'}}]}, {'id': 600490, 'name': 'upload public photo from url', 'params': {'photo url': '<return1>.attachment', 'tags': '#munich, #germany, #my-love'}}]",1002,"Send this message to Mark by email: Hi Mark, please send me the photo we took in Munich. When I receive it back, publish it in my Flickr account using the tags #munich, #germany, #my-love."
31,"[{'options': [{'id': 600603, 'name': 'send an email', 'params': {'body': 'Hi Mark, could send me the photo your wife took of me? Thanks.', 'to address': 'mark@gmail.com'}}, {'id': 601227, 'name': 'send email', 'params': {'body': 'Hi Mark, could send me the photo your wife took of me? Thanks.', 'recipients': 'mark@gmail.com'}}]}, {'options': [{'id': 601225, 'name': 'new email from', 'params': {""sender's address"": 'mark@gmail.com'}}, {'id': 600599, 'name': 'new email in inbox from', 'params': {'email address': 'mark@gmail.com'}}]}, {'id': 600490, 'name': 'upload public photo from url', 'params': {'photo url': '<return1>.attachment', 'tags': '#munich, #germany, #my-love'}}]",1003,"Send this email to Mark: ""Hi Mark, could send me the photo your wife took of me? Thanks."" When Mark sends the photo, post it on Flickr using the tags #munich, #germany, #my-love."
32,"[{'options': [{'id': 600603, 'name': 'send an email', 'params': {'body': 'the photo his wife took of me when we were in Munich', 'to address': 'mark@gmail.com'}}, {'id': 601227, 'name': 'send email', 'params': {'body': 'the photo his wife took of me when we were in Munich', 'recipients': 'mark@gmail.com'}}]}, {'options': [{'id': 601225, 'name': 'new email from', 'params': {""sender's address"": 'mark@gmail.com'}}, {'id': 600599, 'name': 'new email in inbox from', 'params': {'email address': 'mark@gmail.com'}}]}, {'id': 600490, 'name': 'upload public photo from url', 'params': {'photo url': '<return1>.attachment', 'tags': '#munich, #germany, #my-love'}}]",1004,"Contact Mark by email and ask for the photo his wife took of me when we were in Munich. When the photo arrive, publish it on my Flickr account. Use tags #munich, #germany, #my-love."
33,"[{'options': [{'id': 600603, 'name': 'send an email', 'params': {'body': 'Hi Mark, please send me the photo took in Munich', 'to address': 'mark@gmail.com'}}, {'id': 601227, 'name': 'send email', 'params': {'body': 'Hi Mark, please send me the photo took in Munich', 'recipients': 'mark@gmail.com'}}]}, {'options': [{'id': 601225, 'name': 'new email from', 'params': {""sender's address"": 'mark@gmail.com'}}, {'id': 600599, 'name': 'new email in inbox from', 'params': {'email address': 'mark@gmail.com'}}]}, {'id': 600490, 'name': 'upload public photo from url', 'params': {'photo url': '<return1>.attachment', 'tags': '#germany #munich #mylove'}}]",1005,"Send the following message to mark@gmail.com: ""Hi Mark, please send me the photo took in Munich"". As soon as the answer arrives, get the attached photo and put it in my Flickr account using the tags #germany #munich #mylove."
34,"[{'id': 700006, 'name': 'search image on Flickr', 'params': {'query': 'Saturn'}}, {'id': 600603, 'name': 'send an email', 'params': {'attachment url': '<return1>.image_url', 'body': 'I love you', 'to address': 'george@semanticmail.com'}}]",1101,"Search for an image of Saturn in Flickr and attach it to an email. Send this mail to my son saying ""I love you""."
35,"[{'id': 700006, 'name': 'search image on Flickr', 'params': {'query': 'Saturn'}}, {'id': 600603, 'name': 'send an email', 'params': {'attachment url': '<return1>.image_url', 'body': 'I love you', 'to address': 'george@semanticmail.com'}}]",1102,"Write the text ""I Love you"" in an email to my son. Search for an image of the Saturn planet on Flickr, attach it to the email and send it."
36,"[{'id': 700006, 'name': 'search image on Flickr', 'params': {'query': 'Saturn'}}, {'id': 600603, 'name': 'send an email', 'params': {'attachment url': '<return1>.image_url', 'body': 'I love you', 'to address': 'maria@alice.com.br'}}]",1103,"Using my email, create a romantic message writing ""I love you"". Search for an image of Saturn in Flickr and attach it to the email. Send to my wife."
37,"[{'id': 700006, 'name': 'search image on Flickr', 'params': {'query': 'Saturn'}}, {'id': 600603, 'name': 'send an email', 'params': {'attachment url': '<return1>.image_url', 'body': 'I love you', 'to address': 'maria@alice.com.br'}}]",1104,"Write ""I love you"" in an email to my wife. Search for Saturn on Flickr. Upload the image you found to the mail and send it."
38,"[{'id': 700006, 'name': 'search image on Flickr', 'params': {'query': 'Saturn'}}, {'id': 600603, 'name': 'send an email', 'params': {'attachment url': '<return1>.image_url', 'body': 'I love you', 'to address': 'maria@alice.com.br'}}]",1105,"Search for a picture of Saturn in Flickr and attach it to an email to my wife with the message ""I love you""."
39,"[{'id': 700006, 'name': 'search image on Flickr', 'params': {'query': 'Saturn'}}, {'id': 600603, 'name': 'send an email', 'params': {'attachment url': '<return1>.image_url', 'body': 'I love you', 'to address': 'maria@alice.com.br'}}]",1106,"Find an image of Saturn on Flickr. Send an email to my wife saying ""I love you"" and attaching the image found on Flickr."
40,"[{'id': 700007, 'name': 'search video on YouTube', 'params': {'query': 'Bachianas N.5 of Villa-Lobos'}}, {'options': [{'id': 600603, 'name': 'send an email', 'params': {'body': '<return1>.video_url', 'to address': 'cristina@avilla.com'}}, {'id': 601227, 'name': 'send email', 'params': {'body': '<return1>.video_url', 'recipients': 'cristina@avilla.com'}}]}]",1201,"Find ""Bachianas N.5 of Villa-Lobos"" on Youtube. Get the link and send to my mum."
41,"[{'id': 700007, 'name': 'search video on YouTube', 'params': {'query': 'Bachianas N.5 of Villa-Lobos'}}, {'options': [{'id': 600603, 'name': 'send an email', 'params': {'body': '<return1>.video_url', 'subject': 'Have a nice day!', 'to address': 'cristina@avilla.com'}}, {'id': 601227, 'name': 'send email', 'params': {'body': '<return1>.video_url', 'recipients': 'cristina@avilla.com', 'subject': 'Have a nice day!'}}]}]",1202,"Do a search for Bachianas N.5 of Villa-Lobos. Send it to my mother by email with the subject ""Have a nice day!"""
42,"[{'id': 700007, 'name': 'search video on YouTube', 'params': {'query': 'Bachianas N.5 of Villa-Lobos'}}, {'options': [{'id': 600603, 'name': 'send an email', 'params': {'body': '<return1>.video_url', 'to address': 'cristina@avilla.com'}}, {'id': 601227, 'name': 'send email', 'params': {'body': '<return1>.video_url', 'recipients': 'cristina@avilla.com'}}]}]",1203,Send to my mum's email the music Bachianas N.5 of Villa-Lobos from Youtube.
43,"[{'id': 700007, 'name': 'search video on YouTube', 'params': {'query': 'Bachianas N.5 of Villa-Lobos'}}, {'options': [{'id': 600603, 'name': 'send an email', 'params': {'body': '<return1>.video_url', 'to address': 'cristina@avilla.com'}}, {'id': 601227, 'name': 'send email', 'params': {'body': '<return1>.video_url', 'recipients': 'cristina@avilla.com'}}]}]",1204,Please send a link of Bachianas N.5 of Villa-Lobos from Youtube to my mother for her birthday.
44,"[{'options': [{'id': 601225, 'name': 'new email from', 'params': {""sender's address"": 'george@semanticmail.com'}}, {'id': 600599, 'name': 'new email in inbox from', 'params': {'email address': 'george@semanticmail.com'}}]}, {'id': 600431, 'name': 'create a link post', 'params': {'link url': '<return1>.attachment', 'message': 'New Open Position'}}, {'id': 601733, 'name': 'post a tweet with image', 'params': {'image url': '<return1>.attachment', 'tweet text': 'New Open Position'}}]",1301,"When I receive an email by George, please post on my Twitter and Facebook the image attached in it with this message: New Open Position."
45,"[{'options': [{'id': 601225, 'name': 'new email from', 'params': {""sender's address"": 'george@semanticmail.com'}}, {'id': 600599, 'name': 'new email in inbox from', 'params': {'email address': 'george@semanticmail.com'}}]}, {'id': 600431, 'name': 'create a link post', 'params': {'link url': '<return1>.attachment'}}, {'id': 601733, 'name': 'post a tweet with image', 'params': {'image url': '<return1>.attachment'}}]",1302,Share on Facebook and Twitter the job advert image that will be sent by George through e-mail.
46,"[{'options': [{'id': 601225, 'name': 'new email from', 'params': {""sender's address"": 'george@semanticmail.com'}}, {'id': 600599, 'name': 'new email in inbox from', 'params': {'email address': 'george@semanticmail.com'}}]}, {'id': 600431, 'name': 'create a link post', 'params': {'link url': '<return1>.attachment'}}, {'id': 601733, 'name': 'post a tweet with image', 'params': {'image url': '<return1>.attachment'}}]",1303,Share with my Twitter and Facebook contacts the photo present in George's email that will arrive soon.
47,"[{'options': [{'id': 601225, 'name': 'new email from', 'params': {""sender's address"": 'george@semanticmail.com'}}, {'id': 600599, 'name': 'new email in inbox from', 'params': {'email address': 'george@semanticmail.com'}}]}, {'id': 600431, 'name': 'create a link post', 'params': {'link url': '<return1>.attachment', 'message': 'New Open Position'}}, {'id': 601733, 'name': 'post a tweet with image', 'params': {'image url': '<return1>.attachment', 'tweet text': 'New Open Position'}}]",1304,"When an email from George arrives, share the attached image with all my contacts on Twitter and Facebook writing this message: New Open Position."
48,"[{'options': [{'id': 601225, 'name': 'new email from', 'params': {""sender's address"": 'george@semanticmail.com'}}, {'id': 600599, 'name': 'new email in inbox from', 'params': {'email address': 'george@semanticmail.com'}}]}, {'id': 600431, 'name': 'create a link post', 'params': {'link url': '<return1>.attachment'}}, {'id': 601733, 'name': 'post a tweet with image', 'params': {'image url': '<return1>.attachment'}}]",1305,Check new emails from George; share the attached photo on my Twitter and Facebook accounts.
49,"[{'options': [{'id': 601225, 'name': 'new email from', 'params': {""sender's address"": 'george@semanticmail.com'}}, {'id': 600599, 'name': 'new email in inbox from', 'params': {'email address': 'george@semanticmail.com'}}]}, {'id': 600431, 'name': 'create a link post', 'params': {'link url': '<return1>.attachment'}}, {'id': 601733, 'name': 'post a tweet with image', 'params': {'image url': '<return1>.attachment'}}]",1306,"If I receive an email from George, get the attached photo and publish on Twitter and Facebook."
50,"[{'id': 700008, 'name': 'tweets from search', 'params': {'search for': '#ChampionsLeague'}}]",1401,Get tweets containing the hashtag #ChampionsLeague.
51,"[{'id': 700008, 'name': 'tweets from search', 'params': {'search for': '#ChampionsLeague'}}]",1402,Show me new tweets with the hashtag #ChampionsLeague.
52,"[{'id': 700008, 'name': 'tweets from search', 'params': {'search for': '#ChampionsLeague'}}]",1403,Write the #ChampionsLeague hashtag on Twitter to find out who won the final game of the Champions League.
53,"[{'id': 700008, 'name': 'tweets from search', 'params': {'search for': '#ChampionsLeague'}}]",1404,List tweets containing #ChampionsLeague.
54,"[{'id': 700008, 'name': 'tweets from search', 'params': {'search for': '#ChampionsLeague'}}]",1405,Check #ChampionsLeague on Twitter.
55,"[{'id': 700008, 'name': 'tweets from search', 'params': {'search for': '#ChampionsLeague'}}]",1406,Search for tweets containing the hashtag #ChampionsLeague.
56,"[{'id': 700008, 'name': 'tweets from search', 'params': {'search for': '#ChampionsLeague'}}]",1407,Collect posts on Twitter with #ChampionsLeague.
57,"[{'id': 700008, 'name': 'tweets from search', 'params': {'search for': '#ChampionsLeague'}}]",1408,Get twits that contain the hashtag #ChampionsLeague.
58,"[{'id': 502328, 'name': 'directions', 'params': {'ending': 'Galway', 'starting': 'Dublin City Centre'}}]",1501,"Please, could you guide me to go from Dublin City Centre to Galway?"
59,"[{'id': 502328, 'name': 'directions', 'params': {'ending': 'Galway', 'starting': 'Dublin City Centre'}}]",1502,My current place is Dublin City Centre. Show me the directions to go to Galway.
60,"[{'id': 502328, 'name': 'directions', 'params': {'ending': 'Galway', 'starting': 'Dublin City Centre'}}]",1503,Tell me how to go from Dublin City Centre to Galway City.
61,"[{'id': 502328, 'name': 'directions', 'params': {'ending': 'Galway', 'starting': 'Dublin City Centre'}}]",1504,Show me the directions to go to Galway from Dublin City Centre.
62,"[{'id': 502328, 'name': 'directions', 'params': {'ending': 'Galway', 'starting': 'Dublin City Centre'}}]",1505,Check on Google Maps how can I reach Galway when departing from Dublin City Centre.
63,"[{'id': 502328, 'name': 'directions', 'params': {'ending': 'Galway', 'starting': 'Dublin'}}]",1506,Show the best route from Dublin to Galway
64,"[{'id': 502328, 'name': 'directions', 'params': {'ending': 'Galway', 'starting': 'Dublin City Center'}}]",1507,Give me directions from Dublin City Center to Galway.
65,"[{'id': 600352, 'name': 'new item from search', 'params': {'max price': '700 Euro', 'search terms': 'iPhone 7'}}, {'options': [{'id': 600603, 'name': 'send an email', 'params': {'body': '<return1>', 'to address': 'maria@alice.com.br'}}, {'id': 601227, 'name': 'send email', 'params': {'body': '<return1>', 'recipients': 'maria@alice.com.br'}}]}]",1601,Search on eBay for the iPhone 7 with the maximum price of 700 Euro and send the result list by e-mail to my wife.
66,"[{'id': 600352, 'name': 'new item from search', 'params': {'max price': '800 Euro', 'search terms': 'iPhone 7'}}, {'options': [{'id': 600603, 'name': 'send an email', 'params': {'body': '<return1>', 'to address': 'maria@alice.com.br'}}, {'id': 601227, 'name': 'send email', 'params': {'body': '<return1>', 'recipients': 'maria@alice.com.br'}}]}]",1602,"On eBay, search for ""iPhone 7"". If it costs less than 800 EUR, send the results by email to my wife."
67,"[{'id': 600352, 'name': 'new item from search', 'params': {'max price': '300 Euro', 'search terms': 'iPhone 7'}}, {'options': [{'id': 600603, 'name': 'send an email', 'params': {'body': '<return1>', 'to address': 'maria@alice.com.br'}}, {'id': 601227, 'name': 'send email', 'params': {'body': '<return1>', 'recipients': 'maria@alice.com.br'}}]}]",1603,"Check the price of the iPhone 7. Only if it costs less than 300 EUR, send an email to my wife."
68,"[{'id': 600352, 'name': 'new item from search', 'params': {'max price': '700 Euro', 'search terms': 'iPhone 7'}}, {'options': [{'id': 600603, 'name': 'send an email', 'params': {'body': '<return1>', 'to address': 'maria@alice.com.br'}}, {'id': 601227, 'name': 'send email', 'params': {'body': '<return1>', 'recipients': 'maria@alice.com.br'}}]}]",1604,"Check the iPhone 7 price. In case that the price is less than 700 EUR, let my wife know."
69,"[{'id': 600352, 'name': 'new item from search', 'params': {'max price': '300 Euro', 'search terms': 'iPhone 7'}}, {'options': [{'id': 600603, 'name': 'send an email', 'params': {'body': '<return1>', 'to address': 'maria@alice.com.br'}}, {'id': 601227, 'name': 'send email', 'params': {'body': '<return1>', 'recipients': 'maria@alice.com.br'}}]}]",1605,"Check the price of the iPhone 7; If its price is less than 300 EUR, send to my wife an email with the information;"
70,"[{'options': [{'id': 600603, 'name': 'send an email', 'params': {'body': 'Dear, please let me know when we can meet.', 'to address': 'george@semanticmail.com'}}, {'id': 601227, 'name': 'send email', 'params': {'body': 'Dear, please let me know when we can meet.', 'recipients': 'george@semanticmail.com'}}]}, {'options': [{'id': 601225, 'name': 'new email from', 'params': {""sender's address"": 'george@semanticmail.com'}}, {'id': 600599, 'name': 'new email in inbox from', 'params': {'email address': 'george@semanticmail.com'}}]}, {'options': [{'id': 600603, 'name': 'send an email', 'params': {'body': '<return2>', 'to address': 'maria@alice.com.br'}}, {'id': 601227, 'name': 'send email', 'params': {'body': '<return2>', 'recipients': 'maria@alice.com.br'}}]}]",1701,"Send an email to Dr Brown with the following message: ""Dear, please let me know when we can meet."". When he answers, forward to my wife."
71,"[{'options': [{'id': 600603, 'name': 'send an email', 'params': {'body': 'the right day to make an appointment with him', 'to address': 'george@semanticmail.com'}}, {'id': 601227, 'name': 'send email', 'params': {'body': 'the right day to make an appointment with him', 'recipients': 'george@semanticmail.com'}}]}, {'options': [{'id': 601225, 'name': 'new email from', 'params': {""sender's address"": 'george@semanticmail.com'}}, {'id': 600599, 'name': 'new email in inbox from', 'params': {'email address': 'george@semanticmail.com'}}]}, {'options': [{'id': 600603, 'name': 'send an email', 'params': {'body': '<return2>', 'to address': 'maria@alice.com.br'}}, {'id': 601227, 'name': 'send email', 'params': {'body': '<return2>', 'recipients': 'maria@alice.com.br'}}]}]",1702,"Send to Dr Brown an email asking the right day to make an appointment with him. When I receive the reply, let my wife know."
72,"[{'options': [{'id': 600603, 'name': 'send an email', 'params': {'body': 'Dear, when can we meet?', 'to address': 'george@semanticmail.com'}}, {'id': 601227, 'name': 'send email', 'params': {'body': 'Dear, when can we meet?', 'recipients': 'george@semanticmail.com'}}]}, {'options': [{'id': 601225, 'name': 'new email from', 'params': {""sender's address"": 'george@semanticmail.com'}}, {'id': 600599, 'name': 'new email in inbox from', 'params': {'email address': 'george@semanticmail.com'}}]}, {'options': [{'id': 600603, 'name': 'send an email', 'params': {'body': '<return2>', 'to address': 'maria@alice.com.br'}}, {'id': 601227, 'name': 'send email', 'params': {'body': '<return2>', 'recipients': 'maria@alice.com.br'}}]}]",1703,"Write this email to Dr Brown:""Dear, when can we meet?"". When you receive an answer, send the information to my wife."
73,"[{'options': [{'id': 600603, 'name': 'send an email', 'params': {'body': 'Dear, what is the suitable day for a meeting?', 'to address': 'george@semanticmail.com'}}, {'id': 601227, 'name': 'send email', 'params': {'body': 'Dear, what is the suitable day for a meeting?', 'recipients': 'george@semanticmail.com'}}]}, {'options': [{'id': 601225, 'name': 'new email from', 'params': {""sender's address"": 'george@semanticmail.com'}}, {'id': 600599, 'name': 'new email in inbox from', 'params': {'email address': 'george@semanticmail.com'}}]}, {'options': [{'id': 600603, 'name': 'send an email', 'params': {'body': '<return2>', 'to address': 'maria@alice.com.br'}}, {'id': 601227, 'name': 'send email', 'params': {'body': '<return2>', 'recipients': 'maria@alice.com.br'}}]}]",1704,"Send this message to Dr Brown by email: ""Dear, what is the suitable day for a meeting?"". When he replies, forward the email to my wife."
74,"[{'options': [{'id': 600603, 'name': 'send an email', 'params': {'body': 'a suitable day for a meeting', 'to address': 'george@semanticmail.com'}}, {'id': 601227, 'name': 'send email', 'params': {'body': 'a suitable day for a meeting', 'recipients': 'george@semanticmail.com'}}]}, {'options': [{'id': 601225, 'name': 'new email from', 'params': {""sender's address"": 'george@semanticmail.com'}}, {'id': 600599, 'name': 'new email in inbox from', 'params': {'email address': 'george@semanticmail.com'}}]}, {'options': [{'id': 600603, 'name': 'send an email', 'params': {'body': '<return2>', 'to address': 'maria@alice.com.br'}}, {'id': 601227, 'name': 'send email', 'params': {'body': '<return2>', 'recipients': 'maria@alice.com.br'}}]}]",1705,"Message Dr Brown by email, asking a suitable day for a meeting; When I receive the information, sent to my wife by email;"
75,"[{'id': 700006, 'name': 'search image on Flickr', 'params': {'query': 'BMW logo'}}, {'id': 600979, 'name': 'share a link', 'params': {'comment': 'Thanks for the internship opportunity, BMW!', 'image url': '<return1>.image_url'}}]",1801,"Publish in Linkedin this announcement under a BMW logo: Thanks for the internship opportunity, BMW!"
76,"[{'id': 700006, 'name': 'search image on Flickr', 'params': {'query': 'BMW logo'}}, {'id': 600979, 'name': 'share a link', 'params': {'comment': 'Thanks for the internship opportunity, BMW!', 'image url': '<return1>.image_url'}}]",1802,"Find the BMW logo on Flickr. Publish it on LinkedIn along with this message: Thanks for the internship opportunity, BMW!"
77,"[{'id': 700006, 'name': 'search image on Flickr', 'params': {'query': 'BMW car'}}, {'id': 600979, 'name': 'share a link', 'params': {'comment': 'I got an Internship :)', 'image url': '<return1>.image_url'}}]",1803,"Upload an image of a BMW car to my LinkedIn account and write this message: ""I got an Internship :)"". Find the image on Flickr."
78,"[{'id': 700006, 'name': 'search image on Flickr', 'params': {'query': 'BMW logo'}}, {'id': 600979, 'name': 'share a link', 'params': {'comment': 'I got an Internship at BMW :)', 'image url': '<return1>.image_url'}}]",1804,Search for the BMW logo and publish it with the following message in my Linkedin account: I got an Internship at BMW :).
79,"[{'id': 700006, 'name': 'search image on Flickr', 'params': {'query': 'BMW logo'}}, {'id': 600979, 'name': 'share a link', 'params': {'comment': 'Happy to announce that got an internship at BMW.', 'image url': '<return1>.image_url'}}]",1805,"Find an image of the BMW logo on Flickr. Make a post on LinkedIn with that logo and this text: ""Happy to announce that got an internship at BMW."""
80,"[{'id': 700006, 'name': 'search image on Flickr', 'params': {'query': 'BMW logo'}}, {'id': 600979, 'name': 'share a link', 'params': {'image url': '<return1>.image_url'}}]",1806,Search for a picture of the BMW logo to post on my LinkedIn timeline.
81,"[{'id': 700006, 'name': 'search image on Flickr', 'params': {'query': 'Darth Vader'}}, {'id': 600431, 'name': 'create a link post', 'params': {'link url': '<return1>.image_url', 'message': ""Hi guys, let's go to watch StarWars tonight?!""}}]",1901,"Write a post to all of my Facebook's friends including a photo of Darth Vader and this message: ""Hi guys, let's go to watch StarWars tonight?!"""
82,"[{'id': 700006, 'name': 'search image on Flickr', 'params': {'query': 'Darth Vader'}}, {'id': 600431, 'name': 'create a link post', 'params': {'link url': '<return1>.image_url', 'message': ""Hi guys, let's watch the Star Wars movie next Friday?""}}]",102,"Search for ""Darth Vader"" on Flickr. Upload the photo and the following message on Facebook: Hi guys, let's watch the Star Wars movie next Friday?"
83,"[{'id': 700006, 'name': 'search image on Flickr', 'params': {'query': 'Darth Vader'}}, {'id': 600431, 'name': 'create a link post', 'params': {'link url': '<return1>.image_url', 'message': 'May The Force Be With Us Next Friday!!!'}}]",1903,Find a picture of Darth Vader on Flickr. Post this text to my friends on Facebook with the picture of Darth Vader: May The Force Be With Us Next Friday!!!
84,"[{'id': 700006, 'name': 'search image on Flickr', 'params': {'query': 'Yoda'}}, {'id': 600431, 'name': 'create a link post', 'params': {'link url': '<return1>.image_url', 'message': ""Friends, let's go to the cinema to the see Star Wars on Friday.""}}]",1904,"Search for a picture of Yoda. Attach that image in a Facebook post and write this: Friends, let's go to the cinema to the see Star Wars on Friday."
85,"[{'id': 700009, 'name': 'create calendar item', 'params': {'at what time?': '20:00', 'subject': 'Collect the boxes', 'which day?': '25.07'}}]",2001,"Schedule an appointment in my agenda: ""Collect the boxes"" on July 25 at 8 pm."
86,"[{'id': 700009, 'name': 'create calendar item', 'params': {'at what time?': '7:00', 'subject': 'Travel', 'which day?': '12.06'}}]",2002,"Register in my agenda an appointment called ""Travel"" at 12th June and program the alarm for 7 AM at that day."
87,"[{'id': 700009, 'name': 'create calendar item', 'params': {'at what time?': '7:00', 'subject': 'go to the Doctor', 'which day?': '19.10'}}]",2003,Please add a reminder to my agenda to go to the Doctor on 19th Act at 7:00.
88,"[{'id': 700009, 'name': 'create calendar item', 'params': {'at what time?': '13:00', 'subject': 'Travel', 'which day?': '13.08'}}]",2004,"Set an appointment on August 13 at 13h naming it ""Travel""."
89,"[{'id': 700009, 'name': 'create calendar item', 'params': {'at what time?': '20:00', 'subject': 'Collect the boxes', 'which day?': '25.06'}}]",2005,"Add in my agenda the event ""Wine Festival"" on 12th June at 7 PM."
90,"[{'id': 700009, 'name': 'create calendar item', 'params': {'at what time?': '18:00', 'subject': 'Discovering the German Gastronomy', 'which day?': '12.06'}}]",2006,"Please set up an appointment for me. The event name is ""Discovering the German Gastronomy"". The day is 12th June. The time is 18h."
91,"[{'id': 700008, 'name': 'tweets from search', 'params': {'search for': '#LaFiesta'}}, {'block': {'id': 700010, 'name': 'send a direct message', 'params': {'message': 'Thank you for your message. Our team will reply you soon.', 'user': '<item>.user'}}, 'list': '<return1>'}]",2101,"Search for the hashtag #LaFiesta. For each found tweet, reply with this message: ""Thank you for your message. Our team will reply you soon."""
92,"[{'id': 700008, 'name': 'tweets from search', 'params': {'search for': '#LaFiesta'}}, {'block': {'id': 700010, 'name': 'send a direct message', 'params': {'message': 'Thanks for your contact.', 'user': '<item>.user'}}, 'list': '<return1>'}]",2102,Check the tweets with hashtag #LaFiesta. For each tweet that was found give this reply: Thanks for your contact.
93,"[{'id': 700008, 'name': 'tweets from search', 'params': {'search for': '#LaFiesta'}}, {'block': {'id': 700010, 'name': 'send a direct message', 'params': {'message': 'Thanks! I will answer in detail later.', 'user': '<item>.user'}}, 'list': '<return1>'}]",2103,Check #LaFiesta on Twitter. Reply everyone with this message: Thanks! I will answer in detail later.
94,"[{'id': 700008, 'name': 'tweets from search', 'params': {'search for': '#LaFiesta'}}, {'block': {'id': 700010, 'name': 'send a direct message', 'params': {'message': 'Thanks! I will answer in detail later', 'user': '<item>.user'}}, 'list': '<return1>'}]",2104,"Find people using #LaFiesta in Twitter; If it was found, write to everybody ""Thanks! I will answer in detail later"";"
95,"[{'options': [{'id': 601225, 'name': 'new email from', 'params': {""sender's address"": 'carmen@souza.cl'}}, {'id': 600599, 'name': 'new email in inbox from', 'params': {'email address': 'carmen@souza.cl'}}]}, {'id': 700002, 'name': 'read file content', 'params': {'file': '<return1>.attachment'}}, {'options': [{'id': 501371, 'name': 'translate', 'params': {'from': 'de', 'text': '<return2>', 'to': 'en'}}, {'id': 501915, 'name': 'translate', 'params': {'languageConverted': 'de', 'languageToConvert': 'en', 'text': '<return2>'}}, {'id': 503292, 'name': 'translate', 'params': {'input': '<return2>', 'source': 'de', 'target': 'en'}}]}, {'options': [{'id': 600209, 'name': 'create a text file', 'params': {'content': '<return3>', 'file name': 'english-version.txt'}}, {'id': 600350, 'name': 'create a text file', 'params': {'content': '<return3>', 'file name': 'english-version.txt'}}, {'id': 600614, 'name': 'create a document', 'params': {'content': '<return3>', 'document name': 'english-version.txt'}}]}, {'id': 600603, 'name': 'send an email', 'params': {'attachment url': '<return4>', 'body': 'Please, see if this candidate is suitable for our opened position.', 'to address': 'helena@university.com'}}, {'options': [{'id': 601225, 'name': 'new email from', 'params': {""sender's address"": 'helena@university.com'}}, {'id': 600599, 'name': 'new email in inbox from', 'params': {'email address': 'helena@university.com'}}]}, {'options': [{'id': 600603, 'name': 'send an email', 'params': {'body': '<return5>', 'to address': 'carmen@souza.cl'}}, {'id': 601227, 'name': 'send email', 'params': {'body': '<return5>', 'recipients': 'carmen@souza.cl'}}]}]",2601,"Get the CV attached to a new email sent by Carmen Souza. Translate it from German to English saving the content in ""english-version.txt"" and send the new copy to Maria Helena by email saying: Please, see if this candidate is suitable for our opened position. When she answers, forward the message to Mrs Souza."
96,"[{'options': [{'id': 601225, 'name': 'new email from', 'params': {""sender's address"": 'carmen@souza.cl'}}, {'id': 600599, 'name': 'new email in inbox from', 'params': {'email address': 'carmen@souza.cl'}}]}, {'id': 700002, 'name': 'read file content', 'params': {'file': '<return1>.attachment'}}, {'options': [{'id': 501371, 'name': 'translate', 'params': {'from': 'de', 'text': '<return2>', 'to': 'en'}}, {'id': 501915, 'name': 'translate', 'params': {'languageConverted': 'de', 'languageToConvert': 'en', 'text': '<return2>'}}, {'id': 503292, 'name': 'translate', 'params': {'input': '<return2>', 'source': 'de', 'target': 'en'}}]}, {'options': [{'id': 600209, 'name': 'create a text file', 'params': {'content': '<return3>', 'file name': 'english-version.txt'}}, {'id': 600350, 'name': 'create a text file', 'params': {'content': '<return3>', 'file name': 'english-version.txt'}}, {'id': 600614, 'name': 'create a document', 'params': {'content': '<return3>', 'document name': 'english-version.txt'}}]}, {'id': 600603, 'name': 'send an email', 'params': {'attachment url': '<return4>', 'body': 'please evaluate the candidate', 'to address': 'helena@university.com'}}]",2602,"When a new email from Carmen Souza arrives, Translate the attached CV from German to English. Save the translated version in the file ""english-version.txt"". Then forward the translated file to Mrs Helena, asking her to please evaluate the candidate."
97,"[{'options': [{'id': 601225, 'name': 'new email from', 'params': {""sender's address"": 'carmen@souza.cl'}}, {'id': 600599, 'name': 'new email in inbox from', 'params': {'email address': 'carmen@souza.cl'}}]}, {'id': 700002, 'name': 'read file content', 'params': {'file': '<return1>.attachment'}}, {'options': [{'id': 501371, 'name': 'translate', 'params': {'from': 'de', 'text': '<return2>', 'to': 'en'}}, {'id': 501915, 'name': 'translate', 'params': {'languageConverted': 'de', 'languageToConvert': 'en', 'text': '<return2>'}}, {'id': 503292, 'name': 'translate', 'params': {'input': '<return2>', 'source': 'de', 'target': 'en'}}]}, {'options': [{'id': 600603, 'name': 'send an email', 'params': {'body': '<return3>', 'to address': 'helena@university.com'}}, {'id': 601227, 'name': 'send email', 'params': {'body': '<return3>', 'recipients': 'helena@university.com'}}]}]",2603,Check if there is a new email from Carmen Souza. If it is true then translate the attachment from German to English and send to Maria Helena.
98,"[{'options': [{'id': 601225, 'name': 'new email from', 'params': {""sender's address"": 'helena@university.com'}}, {'id': 600599, 'name': 'new email in inbox from', 'params': {'email address': 'helena@university.com'}}]}, {'id': 600761, 'name': 'print document', 'params': {'document url': '<return1>.attachment'}}, {'id': 601535, 'name': 'post message', 'params': {'text': 'Hi Anna, the document is in the printer', 'user name': 'jsanders'}}, {'id': 500797, 'name': 'convert-file', 'params': {'file': '<return1>.attachment'}}, {'id': 600979, 'name': 'share a link', 'params': {'image url': '<return4>'}}]",2605,"Get the file attached to a new email that will be sent to me from Helena. Print the file and send this Skype message to John Sanders: Hi John, the document is in the printer. Additionally, convert the file from PDF to PNG and publish it on LinkedIn."
99,"[{'options': [{'id': 601225, 'name': 'new email from', 'params': {""sender's address"": 'helena@university.com'}}, {'id': 600599, 'name': 'new email in inbox from', 'params': {'email address': 'helena@university.com'}}]}, {'id': 600761, 'name': 'print document', 'params': {'document url': '<return1>.attachment'}}, {'id': 601535, 'name': 'post message', 'params': {'text': 'Hi Mr Sanders, the document is in the printer', 'user name': 'jsanders'}}]",2606,"When I receive an email from Helena, get the attachment. Print it and write to Mr Sanders by Skype: Hi Mr Sanders, the document is in the printer."
100,"[{'options': [{'id': 601225, 'name': 'new email from', 'params': {""sender's address"": 'helena@university.com'}}, {'id': 600599, 'name': 'new email in inbox from', 'params': {'email address': 'helena@university.com'}}]}, {'id': 600761, 'name': 'print document', 'params': {'document url': '<return1>.attachment'}}, {'id': 601535, 'name': 'post message', 'params': {'text': 'the final version is in the printer for him revision', 'user name': 'jsanders'}}, {'id': 500797, 'name': 'convert-file', 'params': {'file': '<return1>.attachment'}}, {'id': 600979, 'name': 'share a link', 'params': {'image url': '<return4>'}}]",2607,"Print the pdf file attached to a new email that I will receive from Helena and send a message to my secretary John Sanders saying that the final version is in the printer for him revision. Also, convert the original file from PDF to PNG and publish on my LinkedIn account."
101,"[{'id': 700011, 'name': 'any new post by someone', 'params': {'user': 'h1987'}}, {'id': 700011, 'name': 'any new post by someone', 'params': {'user': 'h1987'}}, {'alternative': None, 'condition': {'id': '700012', 'name': 'contains expression', 'params': {'expression': 'pokemon', 'text': '<return1>.Message'}}, 'consequent': {'id': 601535, 'name': 'post message', 'params': {'text': 'Stop talking about Pokemon. Go study!', 'user name': 'hele87'}}}]",2901,"Whenever my daughter writes using Facebook, send the post to monitoring@family.com with the subject 'Facebook'. If the post contains the word ""pokemon"", send her this Skype message: ""Stop talking about Pokemon. Go study!"""
102,"[{'id': 700011, 'name': 'any new post by someone', 'params': {'user': 'hele87'}}, {'options': [{'id': 600603, 'name': 'send an email', 'params': {'body': '<return1>', 'to address': 'monitoring@family.com'}}, {'id': 601227, 'name': 'send email', 'params': {'body': '<return1>', 'recipients': 'monitoring@family.com'}}]}, {'alternative': None, 'condition': {'id': 700012, 'name': 'contains expression', 'params': {'expression': 'BREXIT', 'text': '<return1>.Message'}}, 'consequent': {'id': 601535, 'name': 'post message', 'params': {'text': '<return1>.Message', 'user name': 'maria.alice'}}}]",2902,"Catch Luiza's Facebook posts and send to monitoring@family.com. When the post contains BREXIT, send the post to my wife by Skype."
103,"[{'id': 700011, 'name': 'any new post by someone', 'params': {'user': 'hele87'}}, {'alternative': None, 'condition': {'id': 700012, 'name': 'contains expression', 'params': {'expression': 'Trump', 'text': '<return1>.Message'}}, 'consequent': {'id': 601535, 'name': 'post message', 'params': {'text': '<return1>.Message', 'user name': 'maria.alice'}}}]",2903,"For each Facebook post written by Helena, check if it contains ""Trump"". If yes, send to my wife's Skype."
104,"[{'options': [{'id': 601223, 'name': 'add new contact', 'params': {'business phone': '3344333444', 'email address': 'julian@brown.com', 'name': 'Julian Brown'}}, {'id': 600612, 'name': 'create new contact', 'params': {'email': 'julian@brown.com', 'full name': 'Julian Brown', 'phonenumber': '3344333444'}}]}]",3111,"Include a new contact in my agenda, where the name is Julian Brown, the phone is 3344333444 and the email is julian@brown.com."
105,"[{'options': [{'id': 601223, 'name': 'add new contact', 'params': {'business phone': '3344333444', 'email address': 'julian@brown.com', 'name': 'Julian Brown'}}, {'id': 600612, 'name': 'create new contact', 'params': {'email': 'julian@brown.com', 'full name': 'Julian Brown', 'phonenumber': '3344333444'}}]}]",3112,"Add Julian Brown in my contact list. Phone 3344333444, email julian@brown.com."
106,"[{'options': [{'id': 601223, 'name': 'add new contact', 'params': {'business phone': '3344 333 444', 'email address': 'julian@brown.com', 'name': 'Julian Brown'}}, {'id': 600612, 'name': 'create new contact', 'params': {'email': 'julian@brown.com', 'full name': 'Julian Brown', 'phonenumber': '3344 333 444'}}]}]",3113,"Please add Julian Brown in my agenda with the phone: 3344 333 444, and email: julian@brown.com."
107,"[{'options': [{'id': 601223, 'name': 'add new contact', 'params': {'business phone': '+1-888-747-8585', 'email address': 'jean@meer.org', 'name': 'Jean Meer'}}, {'id': 600612, 'name': 'create new contact', 'params': {'email': 'jean@meer.org', 'full name': 'Jean Meer', 'phonenumber': '+1-888-747-8585'}}]}]",3121,New entry in my agenda. the Name: Jean Meer. Enter the phone: +1-888-747-8585. Enter the email: jean@meer.org
108,"[{'options': [{'id': 601223, 'name': 'add new contact', 'params': {'business phone': '+1-888-747-8585', 'email address': 'jean@meer.org', 'name': 'Jean Meer'}}, {'id': 600612, 'name': 'create new contact', 'params': {'email': 'jean@meer.org', 'full name': 'Jean Meer', 'phonenumber': '+1-888-747-8585'}}]}]",3122,Include in my phonebook this information :Name: Jean Meer. Contact Number: +1-888-747-8585. Email: jean@meer.org
109,"[{'options': [{'id': 601223, 'name': 'add new contact', 'params': {'business phone': '+1-888-747-8585', 'email address': 'jean@meer.org', 'name': 'Jean Meer'}}, {'id': 600612, 'name': 'create new contact', 'params': {'email': 'jean@meer.org', 'full name': 'Jean Meer', 'phonenumber': '+1-888-747-8585'}}]}]",3123,Add new contact. Name Jean Meer; Add phone number + 1-888-747-8585; Add email jean@meer.org. Save.
110,"[{'options': [{'id': 601223, 'name': 'add new contact', 'params': {'business phone': '+1-888-747-8585', 'email address': 'jean@meer.org', 'name': 'Jean Meer'}}, {'id': 600612, 'name': 'create new contact', 'params': {'email': 'jean@meer.org', 'full name': 'Jean Meer', 'phonenumber': '+1-888-747-8585'}}]}]",3124,"Add in my agenda: Jean Meer, + 1-888-747-8585, jean@meer.org."
111,"[{'options': [{'id': 601223, 'name': 'add new contact', 'params': {'business phone': '+1-888-747-8585', 'email address': 'jean@meer.org', 'name': 'Jean Meer'}}, {'id': 600612, 'name': 'create new contact', 'params': {'email': 'jean@meer.org', 'full name': 'Jean Meer', 'phonenumber': '+1-888-747-8585'}}]}]",3125,"Put person in your agenda: Jean Meer, +1-888-747-8585, jean@meer.org."
112,"[{'options': [{'id': 601223, 'name': 'add new contact', 'params': {'business phone': '+1-888-747-8585', 'email address': 'jean@meer.org', 'name': 'Jean Meer'}}, {'id': 600612, 'name': 'create new contact', 'params': {'email': 'jean@meer.org', 'full name': 'Jean Meer', 'phonenumber': '+1-888-747-8585'}}]}]",3126,"place a new entry in my agenda: Jean Meer, + 1-888-747-8585, jean@meer.org."
113,"[{'options': [{'id': 601223, 'name': 'add new contact', 'params': {'business phone': '+1-888-747-8585', 'email address': 'jean@meer.org', 'name': 'Jean Meer'}}, {'id': 600612, 'name': 'create new contact', 'params': {'email': 'jean@meer.org', 'full name': 'Jean Meer', 'phonenumber': '+1-888-747-8585'}}]}]",3127,"Open my agenda;Add entry: Jean Meer, +1-888-747-8585, jean@meer.org;Close agenda;"
114,"[{'options': [{'id': 601223, 'name': 'add new contact', 'params': {'business phone': '+1-888-747-8585', 'email address': 'jean@meer.org', 'name': 'Jean Meer'}}, {'id': 600612, 'name': 'create new contact', 'params': {'email': 'jean@meer.org', 'full name': 'Jean Meer', 'phonenumber': '+1-888-747-8585'}}]}]",3128,"Please enter this new contact in my agenda: name Jean Meer, phone number +1-888-747-8585 and email jean@meer.org, in the correct order."
115,"[{'id': 600591, 'name': 'any new issue', 'params': {}}, {'alternative': {'id': 601535, 'name': 'post message', 'params': {'text': '<return1>.IssueTitle', 'user name': 'sandrinha'}}, 'condition': '<return1>.RepositoryName == FinanceSystem', 'consequent': {'id': 601535, 'name': 'post message', 'params': {'text': '<return1>.IssueTitle', 'user name': 'johnjohn'}}}]",3201,"When a new GitHub issue is created, get the repository name. If it is FinanceSystem, send a Skype message to John containing the issue title. Otherwise, write to the Tech Manager."
116,"[{'id': 600591, 'name': 'any new issue', 'params': {}}, {'alternative': {'id': 601535, 'name': 'post message', 'params': {'text': '<return1>.IssueTitle', 'user name': 'sandrinha'}}, 'condition': '<return1>.RepositoryName == FinanceSystem', 'consequent': {'id': 601535, 'name': 'post message', 'params': {'text': '<return1>.IssueTitle', 'user name': 'johnjohn'}}}]",3202,"If someone reports a problem in GitHub, send the problem title by Skype to John, if the project name is FinanceSystem. For all other systems, send a message to the Tech Manager."
117,"[{'id': 600591, 'name': 'any new issue', 'params': {}}, {'alternative': {'id': 601535, 'name': 'post message', 'params': {'text': '<return1>.IssueTitle', 'user name': 'sandrinha'}}, 'condition': '<return1>.RepositoryName == FinanceSystem', 'consequent': {'id': 601535, 'name': 'post message', 'params': {'text': '<return1>.IssueTitle', 'user name': 'johnjohn'}}}]",3203,"For every GitHub issue: get its repository name. If the name is FinanceSystem, copy issue title into a Skype message to John. If not, send the same message to the Tech Manager."
118,"[{'id': 600591, 'name': 'any new issue', 'params': {}}, {'alternative': {'id': 601535, 'name': 'post message', 'params': {'text': '<return1>.IssueBody', 'user name': 'johnjohn'}}, 'condition': '<return1>.RepositoryName != FinanceSystem', 'consequent': {'id': 601535, 'name': 'post message', 'params': {'text': '<return1>.IssueBody', 'user name': 'sandrinha'}}}]",3204,"If an issue is created, send its content to the Tech Manager, except if the repository name is FinanceSystem. In this case, write the message to John."
119,"[{'id': 601206, 'name': 'new article in section', 'params': {'section': 'Politics'}}, {'alternative': None, 'condition': '<return1>.Author == Alexander Maximus', 'consequent': [{'id': 600187, 'name': 'add a bitlink', 'params': {'url': '<return1>.ArticleUrl'}}, {'id': 601732, 'name': 'post a tweet', 'params': {'tweet text': '<return2>'}}]}]",3301,"If you find news written by Alexander Maximus in the Politics section of The New York Times, get the URL, shorten it and post on my Twitter."
120,"[{'id': 601206, 'name': 'new article in section', 'params': {'section': 'Politics'}}, {'id': 600187, 'name': 'add a bitlink', 'params': {'url': '<return1>.ArticleUrl'}}, {'id': 601732, 'name': 'post a tweet', 'params': {'tweet text': '<return2>'}}]",3302,"Capture news from The New York Times, in the Politics section. After that, shorten the link with Bitly and publish it on my Twitter."
121,"[{'id': 601206, 'name': 'new article in section', 'params': {'section': 'Politics'}}, {'block': [{'id': 600187, 'name': 'add a bitlink', 'params': {'url': '<item>.ArticleUrl'}}, {'id': 601732, 'name': 'post a tweet', 'params': {'tweet text': '<return2>'}}], 'list': '<return1>'}]",3303,For all new article about Politics in the NYT. Shorten the link with Bitly and publish it on Twitter.
122,"[{'id': 601206, 'name': 'new article in section', 'params': {'section': 'Politics'}}, {'block': [{'id': 600187, 'name': 'add a bitlink', 'params': {'url': '<item>.ArticleUrl'}}, {'id': 601732, 'name': 'post a tweet', 'params': {'tweet text': '<return2>'}}], 'list': '<return1>'}]",3304,"For each new article in the Politics section in The New York Times, reduce the URL using Bitly and post it in a tweet."
123,"[{'alternative': None, 'condition': {'id': 600352, 'name': 'new item from search', 'params': {'max price': '400 Euro', 'search terms': 'Nexus 6'}}, 'consequent': {'id': 601535, 'name': 'post message', 'params': {'text': '<return1>.url', 'user name': 'skypebrown'}}}]",3401,"Look for Nexus 6, if it costs less than 400 EUR, send the link to my son's Skype."
124,"[{'alternative': None, 'condition': {'id': 600352, 'name': 'new item from search', 'params': {'max price': '400 Euro', 'search terms': 'Nexus 6'}}, 'consequent': {'id': 601535, 'name': 'post message', 'params': {'text': 'Dear, buy the Nexus 6', 'user name': 'skypebrown'}}}]",3403,"If the smartphone Nexus 6 costs less than 400 Euro, send this message to my son in Skype:""Dear, buy the Nexus 6""."
125,"[{'alternative': None, 'condition': {'id': 600352, 'name': 'new item from search', 'params': {'max price': '400 Euro', 'search terms': 'Nexus 6'}}, 'consequent': {'id': 601535, 'name': 'post message', 'params': {'text': 'buy the phone', 'user name': 'skypebrown'}}}]",3404,"Find the price of the Nexus 6. If it costs less than 400 euros, send a message to my son in Skype asking him to buy the phone"
126,"[{'alternative': None, 'condition': {'id': 600352, 'name': 'new item from search', 'params': {'max price': '400 Euro', 'search terms': 'smartphone Nexus 6'}}, 'consequent': {'id': 601535, 'name': 'post message', 'params': {'text': 'buy the phone', 'user name': 'skypebrown'}}}]",3405,"Search for ""smartphone Nexus 6""; If its price is less than 400 EUR, send this Skype to my son: ""buy the phone""."
127,"[{'id': 601888, 'name': 'picture of the day', 'params': {}}, {'options': [{'id': 600603, 'name': 'send an email', 'params': {'body': '<return1>.PictureURL', 'to address': 'newphotos@company.com'}}, {'id': 601227, 'name': 'send email', 'params': {'body': '<return1>.PictureURL', 'recipients': 'newphotos@company.com'}}]}, {'id': 600840, 'name': 'add photo to album', 'params': {'album name': 'Wiki', 'photo url': '<return1>.PictureURL'}}]",3501,"Wherever the Wikipedia delivers a new picture of the day, send it's link to newphotos@company.com and also add it to iOS Photos in the album 'Wiki'."
128,"[{'id': 601888, 'name': 'picture of the day', 'params': {}}, {'id': 600840, 'name': 'add photo to album', 'params': {'album name': 'Wiki', 'photo url': '<return1>.PictureURL'}}, {'id': 600603, 'name': 'send an email', 'params': {'attachment url': '<return1>.PictureURL', 'body': 'This is the Wiki Photo of the day', 'to address': 'helena@university.com'}}]",3502,"If Wikipedia publishes a new picture, add it to my iOS Photos in the album 'Wiki' and attach it in an email to send to Helena with this message: This is the Wiki Photo of the day."
129,"[{'id': 601888, 'name': 'picture of the day', 'params': {}}, {'id': 600840, 'name': 'add photo to album', 'params': {'album name': 'Wiki', 'photo url': '<return1>.PictureURL'}}, {'options': [{'id': 600603, 'name': 'send an email', 'params': {'body': '<return1>.PictureURL', 'to address': 'john@company.com'}}, {'id': 601227, 'name': 'send email', 'params': {'body': '<return1>.PictureURL', 'recipients': 'john@company.com'}}]}]",3503,"When Wikipedia realese a new picture of the day, send it's url to john@company.com and also add it to my iOS Photos, in the album ""Wiki""."
130,"[{'id': 601888, 'name': 'picture of the day', 'params': {}}, {'id': 601535, 'name': 'post message', 'params': {'image url': '<return1>.PictureURL', 'user name': 'sebastianx'}}, {'id': 600840, 'name': 'add photo to album', 'params': {'image url': '<return1>.PictureURL'}}, {'options': [{'id': 600603, 'name': 'send an email', 'params': {'body': '<return1>.PictureURL', 'to address': 'john@company.com'}}, {'id': 601227, 'name': 'send email', 'params': {'body': '<return1>.PictureURL', 'recipients': 'john@company.com'}}]}]",3504,Every day: send the url of the Wikipedia image of the day to my Sykpe; also save it to my iOS Photos.
131,"[{'id': 600408, 'name': 'new final score', 'params': {'team': 'Manchester United'}}, {'alternative': None, 'condition': '<return1>.winner == Manchester United', 'consequent': [{'id': 601273, 'name': 'call my phone', 'params': {'message to say': 'We are the champions, my friends'}}, {'id': 601591, 'name': 'add track to a playlist', 'params': {'artist name': 'Michael Jackson', 'playlist name': 'celebrations', 'search query': 'Thriller'}}]}]",3601,"If Manchester United wins the game call me with ""We are the champions, my friends"" plus, In Spotify, add in ""celebrations"" playlist Thriller - Michael Jackson."
132,"[{'id': 600408, 'name': 'new final score', 'params': {'team': 'Manchester United'}}, {'alternative': None, 'condition': '<return1>.winner == Manchester United', 'consequent': [{'id': 601273, 'name': 'call my phone', 'params': {'message to say': 'We are the champions, my friends'}}, {'id': 601591, 'name': 'add track to a playlist', 'params': {'artist name': 'Michael Jackson', 'playlist name': 'celebrations', 'search query': 'Thriller'}}]}]",3602,"By winning Manchester United team call me saying: ""We are the champions, my friends"". Include the music Thriller by Michael Jackson into the Spotify playlist called ""celebrations""."
133,"[{'id': 600408, 'name': 'new final score', 'params': {'team': 'Manchester United'}}, {'alternative': None, 'condition': '<return1>.winner == Manchester United', 'consequent': [{'id': 601591, 'name': 'add track to a playlist', 'params': {'artist name': 'Michael Jackson', 'playlist name': 'celebrations', 'search query': 'Thriller'}}, {'id': 601273, 'name': 'call my phone', 'params': {'message to say': 'We are the champions, my friends'}}]}]",3603,"If Manchester United wins, put Thriller of Michael Jackson in Spotify ""celebrations"" playlist and call me to say ""we are the champions, my friends""."
134,"[{'id': 600408, 'name': 'new final score', 'params': {'team': 'Manchester United'}}, {'alternative': None, 'condition': '<return1>.winner == Manchester United', 'consequent': [{'id': 601591, 'name': 'add track to a playlist', 'params': {'artist name': 'Michael Jackson', 'playlist name': 'celebrations', 'search query': 'Thriller'}}, {'id': 601273, 'name': 'call my phone', 'params': {'message to say': 'We are the champions, my friends'}}]}]",3604,"Get ready to call me in the case of victory of Manchester United. You also should put the music ""Triller by Michael Jackson"" in the 'celebrations' playlist in Spotify."
135,"[{'id': 600408, 'name': 'new final score', 'params': {'team': 'Manchester United'}}, {'alternative': None, 'condition': '<return1>.winner == Manchester United', 'consequent': [{'id': 601591, 'name': 'add track to a playlist', 'params': {'artist name': 'Michael Jackson', 'playlist name': 'celebrations', 'search query': 'Thriller'}}, {'id': 601273, 'name': 'call my phone', 'params': {'message to say': 'We are the champions, my friends'}}]}]",3605,"Keeping track of the match of Manchester United team. In the case of the victory, call me to tell ""We are the champions, my friends"". If this happens, also add to the Spotify playlist ""celebrations"", the Michael Jackson's song Thriller."
136,"[{'id': 600408, 'name': 'new final score', 'params': {'team': 'Manchester United'}}, {'alternative': None, 'condition': '<return1>.winner == Manchester United', 'consequent': [{'id': 601591, 'name': 'add track to a playlist', 'params': {'artist name': 'Michael Jackson', 'playlist name': 'celebrations', 'search query': 'Thriller'}}, {'id': 601273, 'name': 'call my phone', 'params': {'message to say': 'We are the champions, my friends'}}, {'id': 601732, 'name': 'post a tweet', 'params': {'tweet text': '<return2>'}}]}]",3606,"In case Manchester United wins, call me saying ""We are the champions, my friends"" and include the music Thriller by Michael Jackson in the Spotify playlist called ""celebrations""."
137,"[{'alternative': None, 'condition': {'id': 601684, 'name': 'new story from section', 'params': {'which section?': 'business'}}, 'consequent': {'options': [{'id': 600603, 'name': 'send an email', 'params': {'body': '<return1>.description', 'to address': 'john@fam.com'}}, {'id': 601227, 'name': 'send email', 'params': {'body': '<return1>.description', 'recipients': 'john@fam.com'}}]}}]",3701,"Check news at Time.com and if it talks about business, forward it's description to John's email."
138,"[{'alternative': None, 'condition': {'id': 601684, 'name': 'new story from section', 'params': {'which section?': 'business'}}, 'consequent': {'options': [{'id': 600603, 'name': 'send an email', 'params': {'body': '<return1>.Headline', 'to address': 'john@fam.com'}}, {'id': 601227, 'name': 'send email', 'params': {'body': '<return1>.Headline', 'recipients': 'john@fam.com'}}]}}]",3702,"When you find a new article published at Time related to business, forward it's title to my friend John by email."
139,"[{'block': {'id': 600603, 'name': 'send an email', 'params': {'attachment url': '<item>.ThumbnailURL', 'body': 'Hi Frank, please check if image is important for our startup.', 'to address': 'john@fam.com'}}, 'list': {'id': 601684, 'name': 'new story from section', 'params': {'which section?': 'business'}}}]",3703,"Get every news related to business at Time and send their image attached by email to John with this message: Hi John, please check if image is important for our startup."
140,"[{'block': {'options': [{'id': 600603, 'name': 'send an email', 'params': {'body': '<item>', 'to address': 'john@fam.com'}}, {'id': 601227, 'name': 'send email', 'params': {'body': '<item>', 'recipients': 'john@fam.com'}}]}, 'list': {'id': 601684, 'name': 'new story from section', 'params': {'which section?': 'business'}}}]",3704,"For each news published at Time in the business section, send the news to John Sanders by email."
141,"[{'alternative': None, 'condition': {'id': 601684, 'name': 'new story from section', 'params': {'which section?': 'business'}}, 'consequent': {'options': [{'id': 600603, 'name': 'send an email', 'params': {'body': '<return1>', 'to address': 'john@fam.com'}}, {'id': 601227, 'name': 'send email', 'params': {'body': '<return1>', 'recipients': 'john@fam.com'}}]}}]",3705,"Look for news related to business in Time.com. Whatever you find, put it's image attached to John with this message: ""Hi John, please check this image. Thanks"""
142,"[{'id': 601684, 'name': 'new story from section', 'params': {'which section?': 'business'}}, {'id': 600603, 'name': 'send an email', 'params': {'attachment url': '<item>.ThumbnailURL', 'body': 'Hi Frank, please check this image. Thanks', 'to address': 'john@fam.com'}}]",3706,Monitor and submit business articles from Time.com to my college John by email.
143,"[{'id': 700008, 'name': 'tweets from search', 'params': {'search for': '#FinSysFail'}}, {'id': 600596, 'name': 'create an issue', 'params': {'body': '<item>.text', 'repository': 'FinSys'}}, {'block': {'id': 600596, 'name': 'create an issue', 'params': {'body': '<item>.text', 'repository': 'FinSys'}}, 'list': {'id': 700008, 'name': 'tweets from search', 'params': {'search for': '#FinSysFail'}}}]",3801,"Create issues on GitHub with the content of the tweets that containing #FinSysFail. The issue's repository is ""FinSys"""
144,"[{'id': 700008, 'name': 'tweets from search', 'params': {'search for': '#FinSysFail'}}, {'id': 600596, 'name': 'create an issue', 'params': {'body': '<item>.text', 'repository': 'FinSys'}}, {'block': {'id': 600596, 'name': 'create an issue', 'params': {'body': '<item>.text', 'repository': 'FinSys'}}, 'list': {'id': 700008, 'name': 'tweets from search', 'params': {'search for': '#FinSysFail'}}}]",3802,"Check the tweets with the hashtag ""#FinSysFail"". If found, then copy the message and transform it into a GitHub issue under the project FinSys."
145,"[{'id': 700008, 'name': 'tweets from search', 'params': {'search for': '#FinSysFail'}}, {'id': 600596, 'name': 'create an issue', 'params': {'body': '<item>.text', 'repository': 'FinSys'}}, {'block': {'id': 600596, 'name': 'create an issue', 'params': {'body': '<item>.text', 'repository': 'FinSys'}}, 'list': {'id': 700008, 'name': 'tweets from search', 'params': {'search for': '#FinSysFail'}}}]",3803,"Check the hashtag #FinSysFail. For each tweet, open a new issue with the tweet content for the system FinSys."
146,"[{'id': 700008, 'name': 'tweets from search', 'params': {'search for': '#FinSysFail'}}, {'id': 600596, 'name': 'create an issue', 'params': {'body': '<item>.text', 'repository': 'FinSys'}}, {'block': {'id': 600596, 'name': 'create an issue', 'params': {'body': '<item>.text', 'repository': 'FinSys'}}, 'list': {'id': 700008, 'name': 'tweets from search', 'params': {'search for': '#FinSysFail'}}}]",3804,"For every tweet with ""#FinSysFail"", create a new issue in the GitHub repository FinSys."
147,"[{'options': [{'id': 600831, 'name': 'enter an area', 'params': {'locate an area': 'Central Park'}}, {'id': 600089, 'name': 'you enter an area', 'params': {'locate an area': 'Central Park'}}]}, {'options': [{'id': 601524, 'name': 'open garage door', 'params': {'which garage door?': 'main garage door'}}, {'id': 600539, 'name': 'open garage door', 'params': {'which door?': 'main garage door'}}]}]",3901,Open the main garage door every time I arrive at Central Park.
148,"[{'options': [{'id': 600831, 'name': 'enter an area', 'params': {'locate an area': 'Central Park'}}, {'id': 600089, 'name': 'you enter an area', 'params': {'locate an area': 'Central Park'}}]}, {'options': [{'id': 601524, 'name': 'open garage door', 'params': {'which garage door?': 'main garage door'}}, {'id': 600539, 'name': 'open garage door', 'params': {'which door?': 'main garage door'}}]}]",3902,Open the garage door when passing through Central Park
149,"[{'options': [{'id': 600831, 'name': 'enter an area', 'params': {'locate an area': 'Central Park'}}, {'id': 600089, 'name': 'you enter an area', 'params': {'locate an area': 'Central Park'}}]}, {'options': [{'id': 601524, 'name': 'open garage door', 'params': {'which garage door?': 'main garage door'}}, {'id': 600539, 'name': 'open garage door', 'params': {'which door?': 'main garage door'}}]}]",3903,"If I arrive in Central Park, open my garage."
150,"[{'options': [{'id': 600831, 'name': 'enter an area', 'params': {'locate an area': 'Central Park'}}, {'id': 600089, 'name': 'you enter an area', 'params': {'locate an area': 'Central Park'}}]}, {'options': [{'id': 601524, 'name': 'open garage door', 'params': {'which garage door?': 'main garage door'}}, {'id': 600539, 'name': 'open garage door', 'params': {'which door?': 'main garage door'}}]}]",3904,Open the door always when reached Central Park.
151,"[{'options': [{'id': 600831, 'name': 'enter an area', 'params': {'locate an area': 'Central Park'}}, {'id': 600089, 'name': 'you enter an area', 'params': {'locate an area': 'Central Park'}}]}, {'options': [{'id': 601524, 'name': 'open garage door', 'params': {'which garage door?': 'main garage door'}}, {'id': 600539, 'name': 'open garage door', 'params': {'which door?': 'main garage door'}}]}]",3905,Open the garage door when I arrive in Central Park.
152,"[{'id': 601791, 'name': 'air quality changed', 'params': {'device': 'RoomA', 'what air quality range?': 'poor'}}, {'options': [{'id': 600913, 'name': 'change light color', 'params': {'which color?': 'red', 'which device?': 'Kitchen'}}, {'id': 600528, 'name': 'change color', 'params': {'color': 'red', 'which device?': 'Kitchen'}}, {'id': 600768, 'name': 'change color', 'params': {'color value or name': 'red', 'which lights?': 'Kitchen'}}, {'id': 600007, 'name': 'change color', 'params': {'select a color': 'red', 'which device?': 'Kitchen'}}]}]",4001,"Check the air quality in the device ""RoomA"". if it is poor, turn on the red light in the Kitchen."
153,"[{'id': 601791, 'name': 'air quality changed', 'params': {'device': 'RoomA', 'what air quality range?': 'poor'}}, {'options': [{'id': 600913, 'name': 'change light color', 'params': {'which color?': 'red', 'which device?': 'Kitchen'}}, {'id': 600528, 'name': 'change color', 'params': {'color': 'red', 'which device?': 'Kitchen'}}, {'id': 600768, 'name': 'change color', 'params': {'color value or name': 'red', 'which lights?': 'Kitchen'}}, {'id': 600007, 'name': 'change color', 'params': {'select a color': 'red', 'which device?': 'Kitchen'}}]}]",4002,Turn on the red light if the air quality is poor in RoomA.
154,"[{'id': 601791, 'name': 'air quality changed', 'params': {'device': 'RoomA', 'what air quality range?': 'poor'}}, {'options': [{'id': 600913, 'name': 'change light color', 'params': {'which color?': 'red', 'which device?': 'Kitchen'}}, {'id': 600528, 'name': 'change color', 'params': {'color': 'red', 'which device?': 'Kitchen'}}, {'id': 600768, 'name': 'change color', 'params': {'color value or name': 'red', 'which lights?': 'Kitchen'}}, {'id': 600007, 'name': 'change color', 'params': {'select a color': 'red', 'which device?': 'Kitchen'}}]}]",4003,"Please turn on the red light when the air quality is poor in the in ""RoomA"" device."
155,"[{'id': 601791, 'name': 'air quality changed', 'params': {'device': 'RoomA', 'what air quality range?': 'poor'}}, {'options': [{'id': 600913, 'name': 'change light color', 'params': {'which color?': 'red', 'which device?': 'Kitchen'}}, {'id': 600528, 'name': 'change color', 'params': {'color': 'red', 'which device?': 'Kitchen'}}, {'id': 600768, 'name': 'change color', 'params': {'color value or name': 'red', 'which lights?': 'Kitchen'}}, {'id': 600007, 'name': 'change color', 'params': {'select a color': 'red', 'which device?': 'Kitchen'}}]}]",4004,Check the rating of air quality in the RoomA equipament. If air quality is poor turn on red light.
156,"[{'id': 601791, 'name': 'air quality changed', 'params': {'device': 'RoomA', 'what air quality range?': 'poor'}}, {'options': [{'id': 600913, 'name': 'change light color', 'params': {'which color?': 'red', 'which device?': 'Kitchen'}}, {'id': 600528, 'name': 'change color', 'params': {'color': 'red', 'which device?': 'Kitchen'}}, {'id': 600768, 'name': 'change color', 'params': {'color value or name': 'red', 'which lights?': 'Kitchen'}}, {'id': 600007, 'name': 'change color', 'params': {'select a color': 'red', 'which device?': 'Kitchen'}}]}]",4005,"Verify the air quality in the sensor named ""RoomA"". If it is poor, turn on the red light."
157,"[{'id': 601791, 'name': 'air quality changed', 'params': {'device': 'RoomA', 'what air quality range?': 'poor'}}, {'options': [{'id': 600913, 'name': 'change light color', 'params': {'which color?': 'red', 'which device?': 'Kitchen'}}, {'id': 600528, 'name': 'change color', 'params': {'color': 'red', 'which device?': 'Kitchen'}}, {'id': 600768, 'name': 'change color', 'params': {'color value or name': 'red', 'which lights?': 'Kitchen'}}, {'id': 600007, 'name': 'change color', 'params': {'select a color': 'red', 'which device?': 'Kitchen'}}]}]",4006,"When the air quality in the sensor called ""RoomA"" is poor, make the light red."
158,"[{'id': 601791, 'name': 'air quality changed', 'params': {'device': 'RoomA', 'what air quality range?': 'poor'}}, {'options': [{'id': 600913, 'name': 'change light color', 'params': {'which color?': 'red', 'which device?': 'Kitchen'}}, {'id': 600528, 'name': 'change color', 'params': {'color': 'red', 'which device?': 'Kitchen'}}, {'id': 600768, 'name': 'change color', 'params': {'color value or name': 'red', 'which lights?': 'Kitchen'}}, {'id': 600007, 'name': 'change color', 'params': {'select a color': 'red', 'which device?': 'Kitchen'}}]}]",4007,Turn on a red light when the quality of the air is poor.
159,"[{'options': [{'id': 503830, 'name': 'widget-search-json-1', 'params': {'search': 'movie'}}, {'id': 502654, 'name': 'quote', 'params': {'category': 'movie'}}, {'id': 502832, 'name': 'quote', 'params': {'genre': 'movie'}}]}, {'id': 700006, 'name': 'search image on Flickr', 'params': {'query': 'Einstein'}}, {'id': 600431, 'name': 'create a link post', 'params': {'link url': '<return2>.image_url', 'message': '<return1>'}}]",4101,Get any movie quotation. Also get any Einstein image. Publish both on my Facebook page now.
160,"[{'options': [{'id': 503830, 'name': 'widget-search-json-1', 'params': {'search': 'movie'}}, {'id': 502654, 'name': 'quote', 'params': {'category': 'movie'}}, {'id': 502832, 'name': 'quote', 'params': {'genre': 'movie'}}]}, {'id': 700006, 'name': 'search image on Flickr', 'params': {'query': 'Einstein'}}, {'id': 600431, 'name': 'create a link post', 'params': {'link url': '<return2>.image_url', 'message': '<return1>'}}]",4102,Find a quote from a movie and a photo of Einstein. Create a post on my Facebook account with them.
161,"[{'options': [{'id': 503830, 'name': 'widget-search-json-1', 'params': {'search': 'science'}}, {'id': 502654, 'name': 'quote', 'params': {'category': 'science'}}, {'id': 502832, 'name': 'quote', 'params': {'genre': 'science'}}]}, {'id': 700006, 'name': 'search image on Flickr', 'params': {'query': 'Paris'}}, {'id': 600603, 'name': 'send an email', 'params': {'attachment url': '<return2>.image_url', 'body': '<return1>', 'subject': None, 'to address': 'maria@hotmail.com'}}]",4104,"Get a quote about science. Get a photo of Paris. Attach the photo in an email, write the quote and send to maria@hotmail.com."
162,"[{'options': [{'id': 503830, 'name': 'widget-search-json-1', 'params': {'search': 'politics'}}, {'id': 502654, 'name': 'quote', 'params': {'category': 'politics'}}, {'id': 502832, 'name': 'quote', 'params': {'genre': 'politics'}}]}, {'id': 700006, 'name': 'search image on Flickr', 'params': {'query': 'book'}}, {'id': 600431, 'name': 'create a link post', 'params': {'link url': '<return2>.image_url', 'message': '<return1>'}}]",4105,Get a citation from politics and the photo of a book. Include them in a Facebook post and submit.
163,"[{'id': 700011, 'name': 'any new post by someone', 'params': {'user': 'my son on Facebook'}}, {'alternative': None, 'condition': {'options': [{'id': 503641, 'name': 'porn-filter-by-image-url', 'params': {'search': '<return1>.FirstLinkUrl'}}, {'id': 502456, 'name': 'detect-nudity-in-web-hosted-image', 'params': {'category': '<return1>.FirstLinkUrl'}}, {'id': 503187, 'name': 'nudity-check', 'params': {'genre': '<return1>.FirstLinkUrl'}}, {'id': 503063, 'name': 'nudity-detection-on-public-url', 'params': {'genre': '<return1>.FirstLinkUrl'}}]}, 'consequent': {'id': 601535, 'name': 'post message', 'params': {'text': '<return1>.FirstLinkUrl', 'user name': 'sebastianx'}}}]",4201,"For every post from my son on Facebook, check if it contains a pornographic photo. If it is porn, send it to my Skype immediately."
164,"[{'options': [{'id': 601225, 'name': 'new email from', 'params': {""sender's address"": 'juan@mail.cl'}}, {'id': 600599, 'name': 'new email in inbox from', 'params': {'email address': 'juan@mail.cl'}}]}, {'alternative': None, 'condition': {'options': [{'id': 503641, 'name': 'porn-filter-by-image-url', 'params': {'search': '<return1>.attachment'}}, {'id': 502456, 'name': 'detect-nudity-in-web-hosted-image', 'params': {'category': '<return1>.attachment'}}, {'id': 503187, 'name': 'nudity-check', 'params': {'genre': '<return1>.attachment'}}, {'id': 503063, 'name': 'nudity-detection-on-public-url', 'params': {'genre': '<return1>.attachment'}}]}, 'consequent': {'id': 601535, 'name': 'post message', 'params': {'text': '<return1>.attachment', 'user name': 'sebastianx'}}}]",4202,"Get the attached image from a new email from juan@mail.cl. Check if the photo is porn. In the case of positive answer, send the photo to my Skype."
165,"[{'id': 503062, 'name': 'search', 'params': {'depart-date': '2016-11-20', 'from': 'MUC', 'return-date': '2016-12-1', 'to': 'LIS'}}]",4301,Find me a flight from the Munich International Airport to Lisbon leaving on 20 November and returning on 1st of December.
166,"[{'id': 503062, 'name': 'search', 'params': {'depart-date': '2016-11-20', 'from': 'MUC', 'return-date': '2016-12-10', 'to': 'LIS'}}]",4302,List flights from MUC to LIS departing on 20 Nov and returning on 10 Dec.
167,"[{'id': 503062, 'name': 'search', 'params': {'depart-date': '2016-11-20', 'from': 'MUC', 'return-date': '2016-12-23', 'to': 'LIS'}}]",4303,"Show all tickets on 20 Nov from Munich, Germany to Lisbon, Portugal. Also get the return ticket on 23 Dec."
168,"[{'id': 503062, 'name': 'search', 'params': {'depart-date': '2016-11-21', 'from': 'MUC', 'return-date': '2016-12-12', 'to': 'LIS'}}]",4304,Search for air tickets to travel from Munich to Lisbon on 21 Nov and going back on 12 Dec.
169,"[{'id': 503062, 'name': 'search', 'params': {'depart-date': '2016-11-20', 'from': 'MUC', 'to': 'LIS'}}]",4305,"I'm in Munich, and I want to go to Lisbon. Please, find a flight on 20 Nov."
170,"[{'id': 700002, 'name': 'read file content', 'params': {'file': 'job-application.doc'}}, {'id': 502335, 'name': 'check', 'params': {'text': '<return1>'}}, {'options': [{'id': 600209, 'name': 'create a text file', 'params': {'content': '<return2>', 'file name': 'final-job-application.txt'}}, {'id': 600350, 'name': 'create a text file', 'params': {'content': '<return2>', 'file name': 'final-job-application.txt'}}, {'id': 600614, 'name': 'create a document', 'params': {'content': '<return2>', 'document name': 'final-job-application.txt'}}]}, {'id': 500800, 'name': 'convert-file', 'params': {'documentauthor': 'Alexander Jena', 'documentsubject': 'Job Application 2016', 'file': '<return3>', 'outputformat': 'pdf'}}, {'id': 600603, 'name': 'send an email', 'params': {'attachment url': '<return4>', 'to address': 'james@hotmail.com'}}]",4401,"Read the file ""job-application.doc"" and submit its content to the spell checker. Save the corrected content in the file ""final-job-application.txt"". Convert this file to PDF, where the author is Alexander Jena and the doc subject should be ""Job Application 2016"". Send the final PDF attached to james@hotmail.com."
171,"[{'id': 700002, 'name': 'read file content', 'params': {'file': 'job-application.doc'}}, {'id': 502335, 'name': 'check', 'params': {'text': '<return1>'}}, {'options': [{'id': 600209, 'name': 'create a text file', 'params': {'content': '<return2>', 'file name': 'final-job-application.txt'}}, {'id': 600350, 'name': 'create a text file', 'params': {'content': '<return2>', 'file name': 'final-job-application.txt'}}, {'id': 600614, 'name': 'create a document', 'params': {'content': '<return2>', 'document name': 'final-job-application.txt'}}]}, {'id': 500800, 'name': 'convert-file', 'params': {'documentauthor': 'Alexander Jena', 'documentsubject': 'Job Application 2016', 'file': '<return3>', 'outputformat': 'pdf'}}, {'id': 600603, 'name': 'send an email', 'params': {'attachment url': '<return4>', 'to address': 'james@hotmail.com'}}]",4402,"Correct the spell of the file ""job-application.pdf"" and save the results in ""final-job-application.txt"". Create a PDF from the final file and send it attached to james@hotmail.com."
172,"[{'id': 700002, 'name': 'read file content', 'params': {'file': 'job-application.doc'}}, {'id': 502335, 'name': 'check', 'params': {'text': '<return1>'}}]",4403,Apply the spellchecker in job-application.pdf. Tweet the results.
173,"[{'id': 600326, 'name': 'take snapshots', 'params': {'which camera?': 'garden'}}, {'id': 600431, 'name': 'create a link post', 'params': {'link url': '<return1>', 'message': 'This is my wonderful garden'}}]",4501,Take a snapshot of the camera located in my gardenand publish it on my Facebook along with this message: This is my wonderful garden.
174,"[{'id': 600326, 'name': 'take snapshots', 'params': {'which camera?': 'garden'}}, {'id': 600326, 'name': 'take snapshots', 'params': {'which camera?': 'garden'}}]",4502,Capture the current image of my garden camera and send to Maria Helena on Skype.
175,"[{'id': 600326, 'name': 'take snapshots', 'params': {'which camera?': 'garden'}}]",4503,Take a picture using the camera in the garden.
176,"[{'id': 503155, 'name': 'get-top-definition', 'params': {'hashtag': 'sqn'}}, {'id': 502475, 'name': 'qr-code', 'params': {'content': '<return1>'}}, {'id': 601535, 'name': 'post message', 'params': {'text': '<return2>', 'user name': 'sebastianx'}}]",4601,Get the translation of the hashtag #sqn. Convert it to a QR code and send to my Skype account.
177,"[{'id': 503155, 'name': 'get-top-definition', 'params': {'hashtag': 'wtf'}}, {'id': 601535, 'name': 'post message', 'params': {'text': '<return1>', 'user name': 'sebastianx'}}]",4602,Translate the hashtag #wtf and send to my Skype.
178,"[{'id': 500525, 'name': 'get-profile-pic-url', 'params': {'userid': 'marialuz'}}, {'alternative': None, 'condition': {'options': [{'id': 503641, 'name': 'porn-filter-by-image-url', 'params': {'search': '<return1>'}}, {'id': 502456, 'name': 'detect-nudity-in-web-hosted-image', 'params': {'category': '<return1>'}}, {'id': 503187, 'name': 'nudity-check', 'params': {'genre': '<return1>'}}, {'id': 503063, 'name': 'nudity-detection-on-public-url', 'params': {'genre': '<return1>'}}]}, 'consequent': [{'id': 600432, 'name': 'upload a photo from url', 'params': {'album': 'new friends', 'photo url': '<return1>'}}, {'options': [{'id': 501700, 'name': 'create-pdf-from-url', 'params': {'url': 'facebook.com/marialuz'}}, {'id': 502881, 'name': 'pdf', 'params': {'url': 'facebook.com/marialuz'}}, {'id': 502470, 'name': 'html-to-pdf', 'params': {'content': 'facebook.com/marialuz'}}, {'id': 502331, 'name': 'pdf', 'params': {'url': 'facebook.com/marialuz'}}, {'id': 502675, 'name': 'api-pdf', 'params': {'url': 'facebook.com/marialuz'}}]}, {'id': 600613, 'name': 'upload file from url', 'params': {'file url': '<return4>'}}]}]",4701,"Get the Facebook profile photo of the account ""marialuz"". If it is not a nudity image, add it to my Facebook album called ""new friends"". Also, create a PDF of facebook.com/marialuz and save the file to my Google Drive."
179,"[{'id': 500525, 'name': 'get-profile-pic-url', 'params': {'userid': 'johnsnow'}}, {'options': [{'id': 503641, 'name': 'porn-filter-by-image-url', 'params': {'search': '<return1>'}}, {'id': 502456, 'name': 'detect-nudity-in-web-hosted-image', 'params': {'category': '<return1>'}}, {'id': 503187, 'name': 'nudity-check', 'params': {'genre': '<return1>'}}, {'id': 503063, 'name': 'nudity-detection-on-public-url', 'params': {'genre': '<return1>'}}]}]",4702,"Get the Facebook photo of the user ""johnsnow"" and check if it is nudity."
